YY_name,YY_rate,YY_keshi,YY_url,YY_description
北京儿童医院,8,"呼吸科,血液肿瘤中心,中医科,内分泌遗传代谢科,小儿外科,耳鼻咽喉头颈外科,感染内科,内科,肿瘤科,急救中心,胸外科,基础外科,影像中心,神经康复中心,呼吸二科",http://yyk.familydoctor.com.cn/332/, 首都医科大学附属北京儿童医院是集医疗、科研、教学、保健于一体的儿科医学基地，是我国目前规模最大的三级甲等综合性儿科医院。 北京儿童医院的前身是我国现代儿科医学奠基人诸福棠院士于1942年创建的北平私立儿童医院，至今已有70年历史。医院设有专业病房30个，病床970张，年门诊量230万人次，住院病人4.5万余人次，手术2万例。医院为满足不同阶层人群的医疗就诊需求2006年成立北京新世纪儿童医疗保健中心，2008年急救中心大楼改扩建完成投入使用，在进一步缓解看病难的同时使患者及家人享受到高质量医疗服务。 北京儿童医院不仅具备先进的医疗设备、完善的基础设施、雄厚的技术力量，而且拥有国内儿科界仅有的
中山大学附属第一医院,8,"儿科,胃肠胰外科,神经二科,妇科,肾内科,耳鼻咽喉科,血管甲状腺外科,泌尿外科,肝胆外科,内分泌内科,产科,显微创伤外科,心脏外科,烧伤外科,骨肿瘤专科,普通外科,妇产科,微创外科,手术室,新生儿专科,咽喉专科,鼻专科,老年病科",http://yyk.familydoctor.com.cn/62/, 中山大学附属第一医院(简称中山一院)是国家重点大学―――中山大学附属医院中规模最大、综合实力最强的附属医院，始建于1910年，前身为广东公医医学专门学校附设公医院，2001年更名为中山大学附属第一医院，现为国家三级甲等医院和国家爱婴医院，由院本部、黄埔院区和惠亚医院三个院区组成，是华南地区医疗、教学、科研、预防保健和康复的重要基地，素以“技精德高”在我国和东南亚一带久负盛名，2004年被评为“香港人最信赖的中国内地医疗机构”。 技术力量雄厚，医疗成就卓著。 中山一院现有在编职工4528人，开放病床2548张，年门、急诊量约460万人次。长期以来，医院充分发挥医疗技术力量雄厚的优势，不断采用各
中南大学湘雅医院,8,"神经内科,心血管内科,普通外科,口腔科,呼吸科,血液科,耳鼻咽喉科,内分泌科,眼科,脊柱外科,风湿免疫科,康复科,心胸外科,中西医结合科,神经外科,生殖中心,泌尿外科,肝胆肠外科,传染病科",http://yyk.familydoctor.com.cn/14322/, 湘雅医院位于文化名城长沙，始建于1906年，由美国耶鲁大学(Yale University)雅礼协会(Yale Mission)在中国创办的唯一一所西医院，初名雅礼医院，是我国最早的西医院之一。1914年湖南育群学会代表湖南省政府与美国雅礼协会合作创办了湘雅医学专门学校(现湘雅医学院)，雅礼医院随之更名为湘雅医院，“湘”代表湖南，“雅”代表雅礼。从此，一所久负盛名，享有“南湘雅”美誉的医院就矗立在中国的版图和三湘大地上。 历 史 雅礼协会总部 1901年由美国耶鲁大学部分毕业校友发起组织雅礼协会，目的是到中国办医院和学校，并传播基督教，并将其列为中国―耶鲁工程(The Yale-in-Chi
重庆医科大学附属儿童医院,8,,http://yyk.familydoctor.com.cn/75/," 重庆医科大学附属儿童医院于1956年由上海医学院儿科系迁渝创建，是集医教研为一体的国家三级甲等综合性儿童医院，最早被国家授予儿科学硕士、博士学位授予点、博士后流动站，是首批儿科学国家重点学科、国家精品课程、国家级教学团队、教育部重点实验室、国家食品药品监督管理局药物临床试验机构，是重庆市重点实验室、重庆市国际合作交流基地、重庆市干细胞治疗工程中心。多次被评为全国卫生系统先进集体、全国精神文明建设工作先进单位和全国师德建设先进单位。在全国最佳医院排行榜中,连续三年排名前50强,在全国儿童医院蝉联排名第三位,专科声誉排名重庆市第一位。 医院的宗旨：一切为了儿童健康，医院的愿景和目标：建立国内一流"
南方医科大学南方医院,8,"口腔科,消化内科,普外科,整形外科,感染内科,脊柱骨科,肿瘤科,肾内科,妇产科,创伤骨科,神经外科,血液内科,检验科,病理科,关节与骨病外科,妇科,产科",http://yyk.familydoctor.com.cn/1389/, 南方医院系南方医科大学(原第一军医大学)第一附属医院、第一临床医学院，是一所集医疗、教学、科研和预防保健为一体的大型综合性三级甲等医院，全国百佳医院。医院创建于1941年，2004年8月随大学由军队移交广东省。 医院坐落在广东省广州市白云山东麓麒麟岗上，拥有广东省最大的花园式院区，曾被评为“全国部门造林绿化400佳单位”。现占地面积20.3万平方米，建筑面积45.8万平方米;展开床位2225张，医疗设备总值近10亿元;2010年门急诊量265万余人次，年收容量6.2万余人次。 医院设置专业学科52个，是临床医学博士后流动站;临床医学一级学科是博士学位授权学科，口腔医学一级学科为硕士学位授权学
盛京医院,8,"小儿内科,外科,小儿外科,放射科,消化内科,产科,感染科,神经内科,脊柱-创伤骨科,肝胆脾外科,麻醉科,内分泌科,结直肠肿瘤外科,胰腺-甲状腺外科,胆道疝减肥外科,新生儿外科,药学部,临床遗传科",http://yyk.familydoctor.com.cn/15573/, 中国医科大学附属盛京医院是一所现代化大型综合性、数字化大学附属医院。医院南湖院区位于沈阳市和平区三好街，滑翔院区位于沈阳市铁西区滑翔路，总占地面积13万平方米，总建筑面积54万平方米。正在建设中的沈北院区位于沈阳市沈北新区蒲河大道，总占地面积23.5万平方米。建设中的沈本医药研究教育发展基地位于沈溪新城歪头山松木堡村，使用权面积62.58万平方米。 医院标志释义 医院标志涵盖了“中国医科大学”英文缩写“C M U ”，它由“盛京”汉语拼音首字母 “S J”和医疗行业标识“十”字变形组合而成，它既似一片象征生命与希望的叶子，又似一只象征和平与健康的鸽子。两条律动的曲线象征着盛京人上下一致，团结
上海瑞金医院,8,"心血管内科,普外科,妇产科,骨科,心胸外科,灼伤整形科,肾脏科,消化内科,血液科,皮肤科,神经外科,内分泌科,生殖医学中心,微创外科,体检中心,足踝外科,药剂科",http://yyk.familydoctor.com.cn/192/, 瑞金医院建于1907年，原名广慈医院，是一所三级甲等大型综合性教学医院。医院占地面积12万平方米，建筑面积24.5万平方米，绿化面积4万平方米，核定床位1600张，全院职工3445人，其中医师1010余人(其中正副教授及各类高级科技人员593人)。拥有中国科学院院士陈竺、中国工程院院士王振义、陈赛娟等一大批在国内外享有较高知名度的医学专家。 医院设有34个临床科室、9个医技科室;现有国家教育部重点学科3个(内分泌、血液、消化)，上海市重中之重学科1个(血液)，上海市重点学科1个(内分泌)，上海市优势学科一个(肾脏)，上海市教委重点学科6个(消化外科、血液科、内分泌科、骨科、烧伤科、心脏内科)
中南大学湘雅二医院,8,"心血管内科,妇产科,精神病学科,儿科,眼科,胸心外科,耳鼻咽喉科,肾内科,中医科,代谢内分泌学科,药剂科,呼吸内科,神经病学科,普外乳甲专科,脊柱外科,超声诊断科,血管外科,内分泌研究所,心理中心",http://yyk.familydoctor.com.cn/14258/, 中南大学湘雅二医院(原湖南医科大学附属第二医院)位于历史名城湖南省会长沙，脱胎于1906年美国雅礼协会在中国创办最早的西医院之一――雅礼医院，始建于1958年，是一所卫生部直属的大型三级甲等医院、隶属于教育部直属的中南大学，是国内学科最齐全、技术力量最雄厚的医院之一，素有“南湘雅”美誉。先后荣获全国百佳医院、全国百姓放心示范医院、全国五一劳动奖状、全国医药卫生系统先进集体、全国行业作风建设先进集体、全国医院文化建设先进集体、全国卫生援藏工作先进集体、国家中医药管理局药品管理先进集体等荣誉称号。医院现有在岗正式职工3337人，其中高级专业技术人员615人，千人计划学者2人，国家杰出青年基金项目
复旦大学附属儿科医院,8,"心内科,感染科,新生儿科,呼吸科,普外、新生儿外科,消化科,内分泌遗传代谢科,中医科,感染传染科,重症医学科,药剂科,肿瘤门诊,超声心动图室,营养室,中西医结合研究室,儿科学系",http://yyk.familydoctor.com.cn/2200/," 复旦大学附属儿科医院创建于1952年，由西门妇孺医院分院、中国红十字会第一医院和中山医院儿科合并而成，原名上海第一医学院附属儿科医院，首任院长为儿科学一级教授陈翠贞。建院初期，以西门妇孺医院分院旧址为院址，1954年枫林路183号新医院启用。2000年4月原上海医科大学与复旦大学合并，更名为复旦大学附属儿科医院。医院设施优良，人才云集，是集医教研防为一体的综合性儿童专科医院，系卫生部部属“三级甲等”医院，是全国儿科学重点学科、国家""211工程""建设单位，是最早被国家授予儿科学硕士、博士学位授权点、临床医学(儿科学组)博士后流动站的单位。是中华医学会儿科分会主任委员单位;上"
上海新华医院,8,"小儿内科,普外科,心血管内科,呼吸内科,心胸外科,眼科,耳鼻喉头颈外科,骨科,消化内科,小儿外科,麻醉与重症医学科,泌尿外科,老年医学科,皮肤科,神经外科,妇科,肛肠外科,小儿骨科,血液内科,儿童与青少年保健科,核医学科,检验科,整形外科,小儿神经外科,病理科,临床营养科,新生儿科,儿科心脏中心,小儿泌尿外科,小儿血液肿瘤科",http://yyk.familydoctor.com.cn/1802/, 上海交通大学医学院附属新华医院创建于1958年。通过新华人五十多年的励精图治，已成为一所学科门类齐全、具有专业特色，集医教研和管理于一体的现代化综合性教学医院。医院曾先后获得全国卫生系统先进单位和上海市财政预算信用A类单位。八次被评为上海市文明单位，四次荣获全国先进集体称号，两次荣获全国卫生系统卫生文化建设先进单位称号。近年来被授予全国城乡医院对口支援工作先进集体和上海市学习型企事业单位。 学科齐全，具有特色 目前医院学科齐全，开放床位数近2000张，47个临床科室，10个医技科室，建有心脏介入诊治部等8个医疗技术与服务平台，还设有WHO儿童生长发育合作中心、中国遗传医学中心新生儿筛查和遗传
浙江省儿童医院,8,,http://yyk.familydoctor.com.cn/7458/, 浙江大学医学院附属儿童医院(浙江省儿童医院、浙江省儿童保健院)坐落在美丽的杭州西子湖畔，最早可追溯至1912年成立的“浙江医学专门学校”附属医院，其前身是1951年5月成立的“浙江省立妇幼保健院”，创始人和首任院长为我国著名儿科专家厉华教授。自1954年单独建制以后，医院先后更名为“浙江医科大学附属儿童保健院”、“浙江医科大学附属儿童医院”，同时使用“浙江省儿童保健院”名称。1998年，原浙江大学、杭州大学、浙江农业大学、浙江医科大学四所学校合并成立了国内规模最大的综合性大学即现“浙江大学”，医院正式命名为“浙江大学医学院附属儿童医院”、“浙江省儿童医院”、“浙江省儿童保健院”。 医院目前
上海妇产科医院,8,"妇科,中西医结合科,宫颈科,研究所,乳腺外科,超声室,月经病诊疗中心,妇产科,黄浦院区,自然流产专科",http://yyk.familydoctor.com.cn/3/," 复旦大学附属妇产科医院，由沪上首家妇孺医院――西门妇孺医院发展而来，是美国人Margaret Williamson于1884年捐资创办。因创建时屋顶呈红色，被广大市民以及患者亲切地称为""红房子医院""，多次被评为上海市文明单位。 128年来，妇产科医院在中国妇产科奠基人之一王淑贞教授以及几代妇产科人共同努力下，规模不断扩大，学科发展迅速，培养并造就了郑怀美、袁耀萼、王菊华、唐吉父、张惜阴、李超荆、俞瑾、张振钧、庄依亮、黄敏丽、归绥琪等一大批专家和教授。目前，妇产科医院亚专科齐全，学科发展平衡，人才梯队完善，是集医疗 教学 科研于一体的全国知名的三级甲等专科医院。在各级政府及"
广东省人民医院,8,"心内科,呼吸内科,耳鼻喉科,肾内科,消化内科,普通外科,心外科,神经科学研究所,骨科,皮肤科,泌尿外科,病理科,心儿科,康复医学科,脑外科,产科,胸外科,介入治疗科,新生儿科,肝胆外科,肺三科,放射科,惠福分院",http://yyk.familydoctor.com.cn/49/," 广东省人民医院创建于1946年，是广东省最大的综合性医院，是国内规模最大、综合实力最强的医院之一。医院建筑面积近25.3万平方米，在职职工4925人，其中卫生技术人员3525人，高级职称人员632人。现有住院床位数2500多张，年出院病人86,599人次，年大型手术例数达到24757台。医院有六个门诊部，2011年门诊量约372.6万人次，日均超过1万人次。 2008年5月广东省医学科学院成立，与广东省人民医院合署办公，属下现有广东省心血管病研究所、广东省老年医学研究所、广东省精神卫生研究所、广东省肺癌研究所、广东省眼病防治研究所、广东省神经科学研究所等多个临床医疗、教学和科研机构。 广东省"
浙江大学医学院附属妇产科医院,8,,http://yyk.familydoctor.com.cn/7382/, 浙江大学医学院附属妇产科医院(浙江省妇女保健院、浙江省妇女医院)是浙江省妇产科医疗、教学、科研及计划生育、妇女保健工作的指导中心，是在华东区乃至全国有较大影响力的三级甲等妇产科专科医院。医院成立于1951年，核定床位1120张，婴儿床260张。目前职工1200余人，其中副高及以上专家160余人。年门诊人次超过100万人次，年收治病人达3万余人次，年分娩量超过1万，业务规模居全国同类专科医院之首，临床诊治综合技术达国内领先水平、部分达国际水平。是妇产科学硕士点、博士点、博士后流动站。妇产科学为国家重点(培育)学科，《妇产科学》为国家级精品课程，妇科、产科均为国家临床重点专科。学科优势突出，专业
四川大学华西第二医院,8,,http://yyk.familydoctor.com.cn/18470/, 四川大学华西第二医院源于1896年成立的仁济女医院，开设妇产科和儿科。1987年卫生部批准华西妇产科和儿科从原华西医科大学附属第一医院迁出单独建院，成立华西医科大学附属第二医院，又名华西妇产儿童医院。2000年医院更名为“四川大学华西第二医院/华西妇产儿童医院”，是卫生部预算管理单位和全国首批“三级甲等”妇女儿童专科医院，是集医疗、教学、科研、预防保健和人才培养为一体的大学附属医院。1993年被卫生部、联合国儿童基金会和世界卫生组织授予“爱婴医院”称号，1998年被评为国家“三级甲等妇产儿童专科医院”，2003年被全国总工会授予“全国女职工先进集体”称号，2008年被全国总工会授予“抗震救灾
上海儿童医学中心,8,"心胸外科,血液肿瘤科,骨科,心外科,儿科,外科,发育与行为儿科",http://yyk.familydoctor.com.cn/2751/, 上海交通大学医学院附属上海儿童医学中心是上海市人民政府与美国世界健康基金会(Project HOPE)的合作建设项目。医院坐落于浦东东方路上，是一所集医疗、科研、教学于一体的三级甲等儿童专科医院，占地100亩，总建筑面积6万多平方米，核定病床500张，拥有一流的楼宇自动化设备和完备的医疗保障设施，担负着上海和全国各地患病儿童以及来华外籍人士子女的医疗工作。 上海儿童医学中心设有内科、血液肿瘤科、心血管内科、发育与行为科(儿童保健科)、外科、骨科、心胸外科、麻醉科、眼科、耳鼻咽喉科、口腔科、皮肤科、中医科、影像诊断中心、实验诊断中心、药剂科、特诊部，开设普通、专家、特需和疑难病门诊。 医院技术
中山大学孙逸仙纪念医院,8,"急诊科,儿科,妇科,口腔科,心血管内科,骨外科,神经科,内分泌内科,消化内科,肾内科,泌尿外科,康复医学科,重症医学科,普通外科,生殖医学中心,预防保健科",http://yyk.familydoctor.com.cn/829/, 在美丽的珠江河畔，矗立着我国历史最悠久的西医院――中山大学孙逸仙纪念医院。这里曾留下孙中山先生学医的足迹，这里也曾挽救了无数患者的性命，这里还为祖国西医学的发展培养了无数的医学人才。她从清朝时期的一所小小的眼科医局，发展成为这所集医、教、研为一体的大型现代化教学医院，她见证了中国西医的整个发展史，同时也在不断的继承和发展中谱写着崭新的篇章。 屡开先河创第一 1835年，美国传教士伯驾为达到宣传宗教的目的，在十三行总商伍敦元的赞助下，于当年11月4日在广州新豆栏街丰泰行第七号(即今十八甫一带)租了一间房子，开创了一所眼科医局。这，就是中山大学孙逸仙纪念医院的前身。 其时，清政府闭关政策使老百姓
广州市妇女儿童医疗中心,8,"生理产科,儿童保健门诊,消化科,呼吸科,产房,胎儿治疗科",http://yyk.familydoctor.com.cn/20122/, 广州市妇女儿童医疗中心(以下简称“妇儿中心”)是于2006年9月经广州市编制委员会批准成立，由原广州市儿童医院和广州市妇幼保健院(广州市妇婴医院)整合而成，加挂广州市妇幼保健院、广州市儿童医院和广州市妇婴医院的牌子，为市副局级事业单位。核定事业编制2533名，核定床位1358张。妇儿中心现有在职人员2240人，其中高级职称人员252人，硕士以上学历298人，博士和硕士生导师36人。现有固定资产值3.46亿元。是集预防、医疗、保健、科研、教学为一体的医疗机构。其学科齐全、设备先进，为完善广州市妇女儿童医疗保健网络、提高广州地区人口素质提供有力的保障，使我市妇女儿童医疗保健事业上一个新台阶。 住
暨南大学附属第一医院,8,"中医科,神经内科,泌尿外科,骨科,儿科,眼科,胃肠外科,产科,口腔科,血液内科,医学影像中心,康复科,核医学科,关节外科,临床护理",http://yyk.familydoctor.com.cn/1071/, 暨南大学附属第一医院(又名广州华侨医院、暨南大学第一临床医学院)，是一所集医疗、教学、科研、预防、保健和康复于一体的综合性医院，先后获评为“三级甲等医院”、“爱婴医院”、“国际SOS合作医院”、“广东省文明医院”、“全国侨办系统先进集体”和“广州市社会保险定点医疗机构信用等级AAA医院”。2010年至2014年，医院连续五年被中国健康年度总评榜评选为“广州十佳三甲医院”。 医院位于广州华南快速干线黄埔大道出口，交通便利，紧邻暨南大学校园。医院院本部占地面积47236.8平方米，建筑面积111510平方米。医院共有2个院区(院本部、东圃分院)、4个门诊部(院本部门诊、东圃分院门诊、暨南大学校本
首都儿科研究所,8,"呼吸内科,心血管内科,哮喘中心,小儿泌尿外科,急症科,B超室",http://yyk.familydoctor.com.cn/1246/, 首都儿科研究所的前身是中国医学科学院儿科研究所，成立于1958年，是新中国第一家以医学基础研究、儿科疾病发病机理研究、儿童保健为重点，承担有医疗、教学和预防任务的应用医学研究机构。研究所于1983年隶属北京市，1986年建立附属儿童医院。 研究所先后8次获得北京市属科研院所“改革与发展”一等奖，16次获得首都及卫生系统“文明单位”的称号。50年来，经过几代人的不懈奋斗，研究所已发展成为集儿科基础医学、临床医学、高等医学教育、预防保健医学为一体的全国知名的医学研究机构。 研究所和附属儿童医院地处北京市朝阳区雅宝路2号，占地面积28815平方米，建筑面积10万余平方米。全所院现有员工1200余人
深圳市人民医院,8,"超声科,呼吸内科,心血管内科,放射科,麻醉科,消化内科,神经内科,骨关节科,感染内科,脊柱外科,病理科,肝胆外科,儿科(新生儿科)",http://yyk.familydoctor.com.cn/20125/, 深圳市人民医院始建于1946年，前身是宝安县人民医院，1979年更名为深圳市人民医院。1994年被评为深圳市第一家“三级甲等”医院。1996年，经国务院侨办批准，成为暨南大学医学院附属二院。2005年，经暨南大学批准，升格成为暨南大学第二临床医学院。伴随着经济特区的成长，深圳市人民医院已发展成为一个功能齐全、设备先进、人才结构合理、技术力量雄厚，集医疗、教学、科研、保健为一体的深圳市最大的现代化综合性医院。 医院占地面积13.82万平方米，建筑面积21.3万平方米，编制病床2100张。2012年出院病人超过6万人次，门诊量超过300万人次。全院职工3400人。医院设有43个临床科室、12个医
福建医科大学附属第一医院,8,妇产科,http://yyk.familydoctor.com.cn/9882/, 福建医科大学附属第一医院创建于1937年，是一所集医疗、教学、科研于一体的高级技术人才高度密集的大型综合性三级甲等医院。目前占地71亩，总建筑面积175452平方米。现有工作人员1648人，其中教授、副教授、主任医师、副主任医师279人，享受国务院政府津贴专家26人。开放床位1500张，有临床和医技科室54个，年门诊量100多万人次、住院病人近4万人次、年手术量近3万台。于2005年在泉州市泉港区开设闽南分院，分院占地68亩，总建筑面积11032平方米。开放床位200张，设有临床和医技科室35个，现有员工近100人。 福建省神经病学研究所、福建省高血压研究所、福建省腹部外科研究所、福建省骨科
广西壮族自治区人民医院,8,"心血管内科,眼科,消化内科,神经内科,肾内科,肝胆腺体外科,胃肠外周血管外科,神经外科",http://yyk.familydoctor.com.cn/3109/, 广西壮族自治区人民医院位于南宁市风景秀丽的邕江之滨，南湖之畔。始建于1941年，经几代人不懈努力，现已发展成为一所以医疗为主，兼有科研、教学和预防保健为一体的大型综合性省级三级甲等医院，是广西的医疗中心。医院设有一个分院、两个门诊部和附属卫校。医院总占地面积22.94万平方米，建筑面积21.85万平方米，其中医疗建筑面积129500.81万平方米。现有临床、医技科室65个、1个广西重点学科、2个广西重点建设学科、14个省级医疗中心和6个院级重点学科。在职正式职工2172人，其中卫生技术人员1585人，高级卫技人员337人，博士、硕士227人，现有编制床位1311张，年门诊量110万人次，住院
山东省立医院,8,"儿科,妇科,消化内科,耳鼻喉科,呼吸内科,神经外科,内分泌科,产科,生殖医学实验室,血管外科,风湿免疫科,泌尿微创科,医药卫生实验室,医学影像科",http://yyk.familydoctor.com.cn/11224/," 山东省立医院始建于1897年，迄今已有115年的悠久历史，是山东省卫生系统龙头单位和山东省规模最大的综合性医院。医院还是山东省红十字会医院、山东大学附属医院、山东省临床医学研究院。 医院现有正式编制员工3188人，其中高级专业技术人员840名，具有博士学位人员664名，博士后人员51名，博士生导师90名，硕士生导师242名，终身教授6名，享受国务院特殊津贴人员40余名，拥有泰山学者岗位特聘专家12名,卫生部突出贡献的中青年专家6名，省突出贡献专家15名，省医学领军人才5名;担任国家级学术组织的常委以上职务的20名，省级学术组织主任委员23名，副主任委员155名。 引进聘任4名院士、国家杰青、"
广州医科大学附属第二医院,8,"神经内科,神经外科,心血管内科,眼科,呼吸内科,肝胆外科,消化内科,疼痛外科,肿瘤科,普通外科,急诊科,老年病科,心外科,血液内科,胸外科,核医学科,过敏反应科,危重病学科,乳腺外科",http://yyk.familydoctor.com.cn/817/, 广州医学院第二附属医院（简称广医二院） 于1982年12月正式挂牌，2004年8月成立广州医学院第二临床学院。2013年6月医院正式更名为广州医科大学附属第二医院，广州医学院第二临床学院更名为广州医科大学第二临床学院。经过30年的艰苦创业，医院不断发展壮大， 已发展成为人才队伍齐备、 学科力量雄厚、 医疗技术精湛、科教成果丰硕、诊疗设备先进、医疗服务完善，集医疗、科研与教学于一体的大型三级甲等综合性医院和高等医学院校附属医院，成为广州市重要的医疗诊治、医学教育、医学研究机构，是广州市干部保健基地。广州医科大学神经科学研究所、广州心血管疾病研究所设在我院。 医院位于广州市海珠区中心，占地面积4
温州医学院附属第一医院,8,"神经内科,呼吸内科,耳鼻咽喉科,血液科,神经外科,感染科,肾内科,泌尿外科,急诊科,烧伤科,脑血管科",http://yyk.familydoctor.com.cn/7780/, 温州医科大学附属第一医院(又名浙江省立温州第一医院)是浙江省属三级甲等综合性医院，系温州医科大学第一临床医学院，创建于1919年，前身是温州市首家由国人创办的瓯海医院。经过近一个世纪几代人的不懈努力，现已发展成为一所集医疗、教学、科研、预防保健为一体的综合性医院，担负着浙南闽东北地区近三千万人口的医疗保健及危重疑难病症救治任务。在四川大学中国公立医院社会贡献度研究所公布的《2012年中国公立综合性医院社会贡献度前50位排行榜》中，医院名列全国第34位。 医院拥有辉煌的历史。1953年，成功施行浙江首例开颅取子弹手术;1960年，成功救治一名75%烧伤，Ⅲ度烧伤42%的工人;1963年，在省内
广州中医药大学第一附属医院,8,"针灸科,脾胃病科,一骨科,儿科,耳鼻喉科,心血管科,脑病科,呼吸科,眼科,一肿瘤科,肾病科,消化内科,风湿病科,血液科,泌尿外科,肝胆外科,产科,重症监护科,颅脑科,二骨科(脊柱专科),急诊科,生殖医学科,三肿瘤科,药剂科,二肿瘤科,中医内科,二妇科,实验中心,新生儿科,二外科,三外科,四肿瘤科,一妇科",http://yyk.familydoctor.com.cn/1385/," 广州中医药大学第一附属医院创建于1964年，是一所集医疗、教学、科研、康复、保健于一体的大型综合性中医医院，为全国首批三级甲等中医医院、示范中医医院和首批广东省中医名院，2010年广州亚运会定点医院。先后荣获“广东省文明单位”、“全国卫生系统先进集体”、“全国职业道德先进单位”等称号。1994年无偿救治身患股骨头坏死的好军嫂韩素云饮誉全国，受到江泽民等领导同志的赞扬和社会各界的好评。 医院占地面积50940平方米，建筑面积13万平方米，实际开放病床1250张，医疗业务每年持续增长,2009年年门诊量突破225万人次，年收治住院病人超过3万人次，急诊量和出车量在全广州市所有医院(含中医院和西医"
海南省人民医院,8,"心血管内科,呼吸-肾病内科,普通外科,中医科,神经外科,医学研究中心",http://yyk.familydoctor.com.cn/4002/,岁月悠悠，改革开放的曙光又照亮海南省人民医院的发展前程。建省办经济特区10多年来，医院以更新的医疗设备，更精的医疗技术，更好的医疗服务，填补了省内一项又一项医疗技术服务的空白，开创了省内一个又一个医疗事业发展的新辉煌，完成从地区医院向省级医院的飞跃，成为全省环境优美、设备齐全、建设规模最大的集医疗、急救、教学、科研、保健、康复于一体的现代化大型三级甲等医院。 如今，海南省人民医院总占地面积278083.66平方米，约417.1亩，总建筑面积21.976万平方米。院本部（留医部和秀英门诊部）设在海口市秀英区秀华路，院内草坪如茵，池水碧波，参天椰树，景色优美。1991年建设的海口门诊部，座落于市中
广州妇女儿童医疗中心儿童医院院区,8,"眼科,心脏中心,新生儿科-NICU,重症监护室(PICU),新生儿科,新生儿外科",http://yyk.familydoctor.com.cn/529/,"广州市儿童医院1953年8月1日正式成立，前身为达・保罗医院。经过50多年的发展，我院已成为国内较有影响的儿童医院之一，是一所集预防、医疗、保健、康复于一体，临床、教学、科研并重的儿童专科三级甲等医院。我院1994年建立广州市儿科研究所，1997年被评为广东省高等院校第一批入选教学基地，1998年定为广州医学院附属儿童医院。1996年我院新生儿专业被选为广东省""五个一""工程项目。广州市重症儿童救治中心于1998年成立，并被评为广州市""21世纪优先工程项目""，2003年被评为广州市重点学科、广东省特色专业。我院门诊部设普通门诊和专科门诊，有小儿内科、外科、"
桂林医学院附属医院,8,心脏大血管外科,http://yyk.familydoctor.com.cn/3349/, 桂林医学院附属医院座落在“山水甲天下”的桂林市中心，是一所环境优美、设备先进、技术精良，融医疗、教学、科研为一体的综合性医院。附院始建于1958年，建院40多年来，医院建设得到了飞速发展，特别是改革开放以来，在医疗、教学、科研以及医院规模、功能、综合实力方面，已经成为桂北地区卫生系统的龙头，是1995年桂北地区首家通过国家评审的综合性“三级甲等医院”。1989年以来多次被评为自治区、桂林市精神文明建设先进单位，消化内科、肝胆胰外科分别荣获全国、自治区“青年文明号”称号。最近医院又通过了自治区“十佳”医院和临床教学基地的评审。 医院占地10933.32平方米，建筑面积26299平方米，全院开放
中南大学湘雅三医院,8,"普外科,妇产科,泌尿外科,放射科,心内科,血液内科,肾脏内科,神经内科,移植专科,消化内科,中医科,儿科,心胸外科,耳鼻喉科,临床药理中心,消毒供应中心,医学实验中心",http://yyk.familydoctor.com.cn/14277/, 古城长沙，湘江西岸，座落着唯一一所卫生部直管三级甲等大型综合性教学医院――中南大学湘雅三医院。“湘雅”是中国高水平医学教育、医学研究和医疗服务的百年品牌，中南大学湘雅三医院便是“湘雅”这棵百年老树上洋溢着生机与活力的蓬勃新枝。经卫生部批准，医院作为“八五”期间部省共建的重点建设项目，1989年11月28日破土奠基，1992年12月8日门诊楼建成并试运行;1996年9月，医院三大主体工程相继落成，两年后通过卫生部三甲达标验收，医院全面开院;2008年启用新的外科病房大楼。 步履征程，砥砺奋进。经过20多年的发展，在以建设“特色型、服务型、效率型医院”发展思路以及建设“国家优质医院”的战略目标指
厦门大学附属第一医院,8,"心血管内科,急诊部,耳鼻咽喉头颈外科,妇产科,内分泌糖尿科,泌尿外科,肿瘤内科,肿瘤外科,肝胆胰血管外科",http://yyk.familydoctor.com.cn/9802/, 厦门大学附属第一医院创办于1937年，前身为福建省立医院，经过70余年发展，现已形成拥有三所分院、两家护理院、六个社区卫生服务中心的医疗集群，是集医疗、教学、科研、预防、康复为一体的闽西南规模最大的三级甲等综合性医院。 诊疗科目范围为 内科、外科、妇产科、妇女保健科、儿科、小儿外科、、眼科、耳鼻喉咽喉科、口腔科、皮肤科、肿瘤科、医疗美容科、康复医学科、急诊医学科、高压氧科、中医科、中西医结合科、麻醉科、医学检验科(临床体液、血液专业 ，临床微生物学专业、临床化学检验专业，临床免疫、血清学专业)、医学影像科(X线诊断专业，超声诊断专业，心电诊断专业)、临床心理科、预防保健科、运动医学科、传染科
北京妇产医院,8,"妇科,产科,妇科微创中心,中医科,儿科,儿童保健,生殖医学中心,遗传诊断中心,儿科",http://yyk.familydoctor.com.cn/17/, 首都医科大学附属北京妇产医院 北京妇幼保健院创建于1959年6月，其前身是直属中央卫生部的北京妇幼保健实验院。经过50年的建设和发展，目前已发展成为集医疗、保健、教学、科研为一体，以诊治妇产科常见病、多发病和疑难病症为重点的国内知名的三级甲等妇产专科医院。我国著名妇产科专家林巧稚是首任院长。1984年被世界卫生组织(WHO)批准为围产保健研究和培训合作中心，1999年更名为WHO母婴和妇女保健研究及培训中心，1992年成为我国首批符合国际标准的爱婴医院之一，1994年被首都医科大学批准为首都医科大学附属北京妇产医院，同年建立了妇产科学硕士研究生培养点，2002年成为首都医科大学妇产科博士生培
陕西省人民医院,8,"普外一科,急诊科,妇产科",http://yyk.familydoctor.com.cn/17095/, 陕西省人民医院是陕西省人民政府举办的最大的综合性三级甲等公立医院，是西安交通大学医学院第三附属医院、陕西省临床医学研究院、国家药物临床试验机构、国家全科医生培训基地和国家级卫生应急医疗救援队伍建设单位。承担着全省的医疗、教学、科研、预防、保健、急救、康复等任务。主办有《中国卫生质量管理》、《现代检验医学》杂志(中国科技论文统计源期刊、中国科技核心期刊)。 医院于1931年由著名爱国将领杨虎城将军创建，位于西安市友谊西路256号，占地10.6万平方米，建筑面积22.9万平方米。现设69个临床医技科室，7个研究所(室)，现有员工3590人，其中技术人员占83.4%，在岗高级技术人员365名，拥有
新疆医科大学第一附属医院,8,,http://yyk.familydoctor.com.cn/18203/, 新疆医科大学第一临床医学院暨第一附属医院始建于1956年，是国家第一个五年计划中156个重点建设项目之一。近50年来，在党和国家的关怀下，在自治区各级领导和新疆各族人民的关心支持下，经过几代人的不懈努力，医院从无到有，由小到大，各项事业不断发展，已成为颇具规模的现代化医院。医疗和教学队伍不断壮大，学科建设不断完备；科研成果硕果累累，基础设施建设和管理制度日趋完善；社会效益和经济效益逐年增长；成为自治区目前最大的集医疗、教学、科研为一体的综合性教学医院。 医院编制病床现已发展到1357余张，拥有专业技术人员1500余名，医院8名专家教授被授予自治区有突出贡献的优秀专家，20名专家教授享受国务院
温州医学院附属第二医院,8,"神经内科,消化内科,中西医肛肠科,急诊科,呼吸内科,心胸外科,脊柱外科",http://yyk.familydoctor.com.cn/7781/,"温州医学院附属第二医院、育英儿童医院是省属三级甲类医院，同时也是温州医学院第二临床医学院。医院前身为1976年建立的“温州医学院白求恩门诊部”，1982年经省卫生厅批准改建为温州医学院附属第二医院，1988年同时兼挂儿童医院牌子。1991年8月，台胞何朝育先生捐资港币1500万元，在附属二院规划内建成9045平方米，设300张床位的儿童医院，命名为“温州医学院附属育英儿童医院”。2004年6月被浙江省卫生厅增挂“浙江省立育英医院”牌子。2005年8月购买温州心血管病医院,新增医疗用房建筑面积36996平方米和420张床位，设为温医附二院南浦院区。医院现共有48个病区，41个临床科室、60多个专"
深圳南山人民医院,8,,http://yyk.familydoctor.com.cn/445/, 深圳市南山区人民医院(深圳市第六人民医院)，坐落于深圳经济特区西部南头半岛中心区，是深圳市第四家三级甲等医院暨南山区区域医疗中心。 我院始建于上世纪40年代，前身为“南头人民公社卫生院”、“南头地段卫生院”、“南头区人民医院”，1991年正式注册现名。2004年增名为“深圳市第六人民医院”。2009年9月，挂牌“华中科技大学协和深圳医院”。2012年12月，成为广东医学院非直属临床医学院。 我院占地面积5.44万平方米，总建筑面积9.85万平方米，编制总床位900张，开放床位近1200张，服务人口170万。政府已立项拟投资13亿元新建17.8万平方米的门急诊医技楼、外科大楼及行政科研教学楼，
南京市儿童医院,8,"新生儿医学中心,呼吸科,神经内科,心内科,消化科,急诊科,耳鼻咽喉科,肾脏科,泌尿外科,心胸外科,普外科,骨科,烧伤整形外科,儿童保健科,口腔科,脑外科,新生儿外科,药剂科,新生儿中心",http://yyk.familydoctor.com.cn/6535/, 南京市儿童医院，暨南京医科大学附属南京儿童医院、江苏省红十字儿童医院，是一所集医疗、科研、教学、康复、保健为一体的三级甲等儿童医院。编制床位1400张，年门诊量170.7万人次，年出院患儿5.48万人次，年手术量1.84万人次。现有职工1729人，其中高级专家181人，博士生导师6人、硕士生导师30人、教授9人、副教授25人，全院有博士47人、硕士260人。 医院专科齐全，涵盖儿童医疗各个领域。小儿消化科为国家级临床重点专科，小儿心胸外科为江苏省“科教兴卫工程”医学重点学科，小儿肾脏科为江苏省“科教兴卫工程”创新团队，儿童保健科为江苏省妇幼保健重点学科。拥有7个省级临床重点专科(小儿心胸外科
广州医科大学附属第三医院,8,"儿科,中医科,普外科,妇产科门诊,妇科,生殖医学科,泌尿外科,心血管内科,产科,神经内科,产前诊断科,器官移植科,医学超声科,创伤外科,介入放射",http://yyk.familydoctor.com.cn/545/, 广州医科大学附属第三医院座落于广州西关的繁荣市区，毗邻广州著名风景点――荔枝湾，创办于1899年12月12日，迄今已有110多年的历史。医院前身为美国基督教长老会创办的广东女医学堂及所属赠医所，后更名为柔济医院。1953年医院由广州市人民政府接管，定编为广州市第二人民医院，2006年转为广州医学院第三附属医院。2013年6月，随着广医更名为广州医科大学，我院正式更名为广州医科大学附属第三医院，医院的发展迎来了一个新的起点。 110多年的发展历程，使医院积淀了坚实的基础，如今已成为广州西部地区集医疗、教学、科研、预防、保健于一体的，拥有先进设备、优秀技术人才的大型三级甲等综合性医院。目前，医院
广东省妇幼保健院,8,"妇科,产科,乳腺病中心,产前诊断中心,新生儿科,儿童保健科",http://yyk.familydoctor.com.cn/1398/, 广东省妇幼保健院创建于1944年12月，是广东省卫生厅直属的专业公共妇幼卫生机构，是卫生部授予的“三级甲等妇幼保健院”。由番禺院区、越秀院区、海珠院区，广东省脐带血造血干细胞库、白云区永平街社区卫生服务中心等多个机构共同组成。 我院现有床位1000张(其中番禺院区500张)，行政职能科室15个，临床保健业务科室21个，医技科室10个，辅助科室2个，实验室3个。并拥有两个国家级培训基地、四个省临床重点专科、一个省“十一五”重点专科和一批学科带头人，已形成“院有优势、科有特色、人有专长”的发展模式。拥有精干的医疗技术力量，现有职工1547人，其中卫生技术人员1378人，副高以上职称(含副高)21
中山市人民医院,8,"口腔医疗中心,心血管内科,产科,肾内科,肿瘤防治中心,血液内科,骨科,神经外科,妇科,康体保健中心,肝胆外科,器官移植中心,产前诊断中心,检验医学中心,病理科",http://yyk.familydoctor.com.cn/2375/, 中山市人民医院位于中山市中心城区，坐落在莲峰山麓，是集医疗、教学、科研、预防保健为一体的综合性“三级甲等医院”，是中山大学附属中山医院、中山大学中山医学院临床研究生教学基地、广东省全科医师规范化培训基地和医学教育基地和广东医学院的临床学院。先后荣膺“爱婴医院”、“广东省高等医学院校教学医院”、“百家文明医院”、“广东省信息化示范单位”、“卫生部数字化医院试点示范单位”、“全国医药卫生系统先进集体”等光荣称号。 医院占地面积8.15万平方米，建筑总面积17.9万平方米。院内绿树成荫，环境优雅舒适。拥有员工2707人，其中高级职称432人;博士学历79人，硕士346人。享受国务院特殊政府津贴专家
上海儿童医院,8,"肾脏内科,呼吸科,重症医学科,医学遗传研究所",http://yyk.familydoctor.com.cn/1033/, 上海市儿童医院是一所集医疗、保健、教学、科研、康复于一体的三级甲等儿童医院，前身是由我国著名儿科专家富文寿及现代儿童营养学创始人苏祖斐等前辈于1937年创办的上海难童医院，1953年更名为上海市儿童医院，2003年成为上海交通大学附属儿童医院。医院占地面积1.59公顷，建筑面积约2.5万平方米，实际开放床位370张，职工900余人，年门诊量约113万人次，年住院病人约2万人次，年手术例数约1.24万。位于普陀区长风生态商务区的新院已于2010年底动工，将于2013年底投入使用，占地面积约39亩，核定床位550张。医院拥有中国工程院院士1名、博士生导师9名、硕士生导师28名，拥有高级职称专家百
汕头大学医学院第一附属医院,8,"心血管内科,骨科,风湿科,内分泌科,胃肠外科,整形美容外科,甲状腺乳腺外科,肿瘤中医科",http://yyk.familydoctor.com.cn/2892/,汕头大学医学院第一附属医院(以下简称“汕大附一院”)于1989年由著名爱国人士李嘉诚先生捐巨资兴建，是一所集医疗、科研、教学、预防为一体的大型现代化三级甲等医院。新院建院初期得到了上海第二医科大学的技术支援，医疗业务水平快速提升。医院先后荣获卫生部“全国百佳医院”、“全国卫生系统先进集体”、“全国青年文明号”、“全国救灾防病先进集体”、“爱婴医院”、“广东省抗击非典先进单位”、“全国百姓放心示范医院”等。医院占地60亩，建筑面积92363平方米，编制病床数1200张，拥有全国最大的宁养院、粤东地区最大的外科大楼、标准化建设了装备和流程最先进的最大的手术室、最大的ICU和最大的血液净化科。医院名
惠州市中心人民医院,8,"内科,颅脑神经外科,肝病科,感染内科,消化病区",http://yyk.familydoctor.com.cn/2483/, 惠州市中心人民医院，坐落于惠州市飞鹅岭下、南湖之畔，自1950年成立以来，经过63年跨越式发展，如今正以雄厚的技术力量，先进的医疗设备，优良的服务质量成为广东粤东地区集医疗、教学、科研、预防、保健、康复、急救于一体的公立大型综合性三级甲等医院、国际爱婴医院、国际紧急救援中心网络医院、全国百佳医院、中山大学附属惠州医院、广东医学院附属惠州医院，广东医学院研究生培养基地。 医院编制病床1500张，在职员工总数2206人，其中高级职称专家377人，医学博士16人，医学硕士202人，硕士研究生导师8人，博士研究生导师1人，享受国务院特殊津贴专家2人，省、市名医6人，惠州市拔尖人才4人。年门、急诊病人
深圳市妇幼保健院,8,"妇科,产科,儿科,新生儿科,儿童保健科,乳腺专科,口腔病防治中心,产前诊断中心,妇女保健科,泌尿生殖专科,孕产妇危重病诊治中心",http://yyk.familydoctor.com.cn/38/, 深圳妇儿医院(深圳市妇幼保健院)于二OO二年四月经深圳市具有编委批准，由原深圳市妇儿医院与市妇幼保健院合并组成的。原深圳市妇儿医院为临床部，为深圳市妇幼保健院总部，位于深圳市福田区红荔路2004号;保健部位于本市福田中心区福强路3012号(新洲路与福强路交汇处)，交通快捷便利。 深圳妇儿医院现有编制规模738人，编制床位380张，实际在编531人。其中专业技术人员458人，占全员职工总数88%;具有正、副高职称112人，中级职称258人，博士、硕士研究生44人。现为广州医学院，惠州卫校、梅州卫校的教学基地。设有临床、保健、医技科室等26个科室。其中“孕产妇危重症诊治博士中心”、“产前诊断”、
淮安市第一人民医院,8,"心内科,胃肠外科,骨科,口腔科,泌尿外科,心胸外科,肿瘤内科,神经内科,耳鼻咽喉科,内分泌科,神经外科(脑外科),血液科,骨I科骨Ⅱ科,妇科,肿瘤外科,影像中心,普外科,病理科,肿瘤内Ⅱ科",http://yyk.familydoctor.com.cn/6780/, 淮安市第一人民医院，又名南京医科大学附属淮安第一医院。坐落于苏北平原腹地、是一代伟人周恩来总理故乡的一所大型三级甲等综合性医院。1950年5月，在扬州何园成立，当时名曰：“中国人民解放军苏北军区医院”。1951年搬迁到淮安湖心寺，1958年搬进现在的淮安市淮阴区王营镇(现址)。历经几代人的努力，目前成为淮安市规模最大、技术力量最雄厚的一所集医、教、研、防为一体的三级甲等综合医院。淮安市第一人民医院是也是南京医科大学硕士研究生培养基地;是国家级博士后科研工作站，国家药物临床试验机构、江苏省博士后科研工作站、卫生部认定的江苏省最早具有非血缘造血干细胞移植资质的医院之一，卫生部微创与内镜培训基地，
湛江中心人民医院,8,"感染内科,肿瘤科,耳鼻喉科",http://yyk.familydoctor.com.cn/1780/, 湛江中心人民医院始建于1938年。经七十多年的风雨洗礼，发展成为目前湛江市市属规模最大、实力最强的三级甲等综合性医院。除院本部的门诊外，医院在麻章金川路、赤坎康顺路还分别设有门诊部。 医院现有在职职工2200多人，高级职称人员414人，享受国家特殊津贴的专家9人、湛江市特殊贡献专家4人。医院在群众中有很高的认可度和品牌影响力，服务范围遍及粤西和环北部湾地区。现有开放床位1600张，全院设有13个疾病诊疗中心、有55个临床医技科室、一个健康体检中心，并附设心血管、肝胆、耳鼻喉、骨科四个研究室。骨科是广东省卫生厅特色专科，重症医学科、血液内科、产科、耳鼻咽喉头颈外科、急救中心、烧伤整形外科、消化
天津医科大学第二医院,8,泌尿科,http://yyk.familydoctor.com.cn/440/, 天津医科大学第二医院是集医疗、教学、科研、预防为一体的大型综合三级甲等大学医院，是天津市五大区域医疗中心之一。医院地处天津市政治、经济、文化中心地带，占地面积8万余平方米，建筑面积13.2平方米，病床1000张。特殊的地理位置、雄厚的技术力量和先进的医疗设备，使得医院承担着繁重的医疗任务。 1973年天津医学院第二附属医院在原河北省医院旧址成立，1994年8月，随着天 天津医科大学第二医院津医学院成为天津医科大学而更名为天津医科大学第二医院，该院占地面积86433平方米，建筑占地51880平方米，医疗用房建筑面 积42075平方米目前在职职工2000余人，医院的学科和科室设置齐全。现有临床医
保定市第一中心医院,8,"普通外1科,妇科（东院）,神经内3科,呼吸内科,心血管内3科,心血管内1科,骨1科,心胸血管外科,神经外科,内分泌1科,心血管内2科,消化内2科,血液科,心血管内4科,神经内1科,内分泌二科,消化内1科,神经内2科",http://yyk.familydoctor.com.cn/4416/, 保定市第一中心医院最早的历史前身是1886年美国长老会在保定北关外创建的教会医院，距今已有128年的历史文化传承。1959年7月，在已整体迁出的河北医学院附属医院旧址上，来自这所老牌医院的医务专家团队，由院长徐校卿教授带队整建制迁入正式组建了当时的一所省级医院――河北省中医研究院附属医院。该院后来又历经保定专区医院，保定地区第二医院，保定地区医院，1995年保定地市合并后更名为保定市第一中心医院。2008年保定市委、市政府决定将“保定市人民医院”整体并入保定市第一中心医院。2013年10月保定市委、市政府决定将“保定市急救中心”并入保定市第一中心医院成为保定市第一中心医院的西院。资源整合以后
肇庆市第一人民医院,8,新生儿科,http://yyk.familydoctor.com.cn/1635/, 肇庆市第一人民医院的前身为省立第二医院，始建于1944年，建国后改肇庆医院，当时全院工作人员26人，病床十几张，只有简单的病床和诊室，设备极为简陋。解放后，特别是改革开放以来，医院发展迅速，如今已成为肇庆地区规模最大的一所集医疗、护理、教学、科研、预防、保健、康复于一体的综合性医院。1994年、1995年分别通过评审，跨入了国家“三级甲等”医院及“爱婴医院”、省“教学医院”的行列。 肇庆市第一人民医院新院在市委、市政府的关心、支持和帮助下，作为肇庆市的首要民生工程，从2009年起兴建，2012年落成竣工，2013年1月30日完成了整体搬迁并全面投入使用。新院占地304.5亩，建筑面积约19.
无锡市人民医院,8,肿瘤科,http://yyk.familydoctor.com.cn/7693/, 江苏省无锡市人民医院是根据无锡市区域卫生资源整合的总体规划，由原无锡市第一人民医院、儿童医院和无锡市第五人民医院于2007年11月整建制组合而成的无锡地区最大的公立医院。医院位于清扬路、金城路交界处东南隅(清扬路299号)，处于市区、新区、新城几何三角的中心位置，交通便利。 医院占地255亩，建筑面积32.486万平方米，根据不同功能分为A区(行政)、B区(门诊)、C区(医技检查)、D区(病房)、E区(急诊、手术中心)、F区(后勤综合楼)、J区(感染性疾病区)和G区(儿童医院)、X区(心肺诊疗中心)、T区(体检中心、特诊中心)，建筑格局体现了布局的宜人化，设施的人性化，环境的生态化。编制床位
东莞东华医院,8,"泌尿外科,神经内科,心血管内科,骨科,口腔科,妇科,肿瘤内科,烧伤整形科,五官科,内六科(肿瘤科-血液科),外八科(创伤-骨病科),医学美容中心",http://yyk.familydoctor.com.cn/1564/, 东莞东华医院(中山大学附属东华医院)是一所综合三级甲等医院，医院设有26个住院病区、15个医技科室以及6个门急诊单元以及旗峰分院。医院编制床位1806张，2015年门急诊量127万人次，出院患者4.7万人次。 医院现有员工1631人，其中高级职称人员230人，硕士研究生以上学历120人、硕士研究生导师4人、博士研究生导师4人、享受国务院特殊津贴专家1名。医院还引进了包括PET/CT、ECT、直线加速器(Clinac2300 C/D)、西门子模拟定位机、西门子DSA、64排螺旋CT、核磁共振2台(INTERA3.0T/ l.5T)，20万元以上尖端医疗设备近300台(套)，为保障医疗质量与安全
沧州市中心医院,8,"检验科,儿科,普外一科,消化内科,耳鼻喉科,骨二科,骨一科,心血管内一科,产二科,普外二科,神经内二科,神经内五科,妇一科,呼吸内一科,泌尿外一科,神经内三科,神经内一科,神经外二科,心血管内五科,眼一科,肿瘤内科,肿瘤外二科,烧伤整形外科,血液内一科,肿瘤外一科,产一科,呼吸内二科,神经内四科,眼二科,产房,血液内二科,影像诊断科",http://yyk.familydoctor.com.cn/4720/, 沧州市中心医院集医疗、教学、科研、急救、预防和康复保健于一体，是全市唯一一家综合性三级甲等医院，国家级爱婴医院。始创于1948年，原名“大众医院”，1971年更名为“河北省沧州地区人民医院”，1993年定名为沧州市中心医院。医院占地面积43200平方米，建筑面积71661平方米，在职职工1773名，其中高级职称256名，中级职称420名，开放床位1200张。医院内设50个临床医技科室，并附设有市肿瘤诊疗中心、市体检中心、市临床检验中心、市心脏病治疗中心、市血液净化中心、市白内障治疗中心、市脊柱外科研究所、市老年医学研究所等30余个诊疗科研机构和学术团体，是河北医科大学附属医院，北方学院等院校
梅州市人民医院,8,"内六科,田家炳院区综合外科,儿内一科,妇一科,创伤骨外二科一区,感染科,心血管内一科,消化内一科,康复医学科,胸外科,神经外一科,肾内科,烧伤整形科,重症医学一科,肛肠科,广梅院区口腔科,病理科,心脏大血管外科,新生儿科,胃肠外二科,胃肠外一科,肝胆外一科,肝胆外二科,肝胆外二科,神经内二科,血液内科,心血管内二科,妇二科,产科,泌尿外三科,泌尿外四科,麻醉三科,创伤骨外一科",http://yyk.familydoctor.com.cn/20173/, 广东省梅州市人民医院(黄塘医院、中山大学附属梅州医院)，前身为瑞士基督教巴色差会创办的德济医院，创建于1896年，是广东省梅州市唯一的大型综合性国家三级甲等医院，广东省高等医学院校教学医院，博士后科研工作站。 医院由黄塘院总部、泰康院区、扶大院区、广梅院区四个院区组成。设有临床医技科室101个，开放床位3500张。放疗科为省医学特色专科，消化内科、神经外科、泌尿外科、妇科、胸外科、急诊科、重症医学科、烧伤科、感染科、麻醉科、康复科、病理科为省临床重点专科，心血管内科、骨科等22个专科为市医学重点专科。医院拥有西门子Skyra 3.0T磁共振、GE大宝石能谱CT、ELEKTA Synergy 
河北大学附属医院,8,"功能检查科,神经内科,神经外科,儿科,中西医结合科,肿瘤外科,检验科,骨外科,妇产科,心脏科",http://yyk.familydoctor.com.cn/4496/, 河北大学附属医院始建于1909年，初为防疫医院，由“防疫局”资助，设立观察床数张，工作人员十余名。1912年改为直隶省红十字会医院。1942年医院改称河北省新民医院。1945年改为河北省立医院。解放后先后更名为河北省第一人民医院、河北省医院。1983年改为河北职工医学院附属医院。2005年归属河北大学，更名为河北大学附属医院，2006年成立河北大学临床医学院。历经21次易名3次选址。 医院历经近百年沧桑，几代人不懈努力，现已发展成为一所设备先进、专业齐全、技术力量雄厚、服务水平较高、综合实力较强，集医疗、教学、科研、预防保健、康复功能为一体的三级甲等综合性医院。医院为国家爱婴医院，曾获“全国
武汉市妇女儿童医疗保健中心,8,,http://yyk.familydoctor.com.cn/13265/, 武汉市妇女儿童医疗保健中心(简称中心)是2003年9月由武汉市儿童医院和武汉市妇幼保健院通过资源整合组建而成。武汉市儿童医院和武汉市妇幼保健院分别建于1954年和1992年。 经过两院职工50余年的奋斗，武汉市妇女儿童医疗保健中心现已发展成为拥有四个门诊部、1112张病床(940张儿科病床、172张妇产科病床)，集妇女儿童医疗与保健职能为一体的综合性医疗机构。 中心专科设置齐全，有临床科室26个，预防保健科室4个，医技科室12个。其中，小儿心血管专科、小儿神经内科为省级重点专科;生殖健康科、小儿耳鼻咽喉科、小儿普外科为市级重点专科;新生儿科、小儿CT与MRI影像诊断科、医学分子生物学与免疫学
山东省中西医结合医院,8,"小儿科,妇产科,针灸科,神经内科,康复医学科,生殖中心",http://yyk.familydoctor.com.cn/11101/, 山东中医药大学第二附属医院(山东省中西医结合医院)创建于1904年，是山东省首批、济南市第一家综合性三级甲等医院。历经多年发展与变迁，2004年整体建制移交成为山东中医药大学第二附属医院，开始了中西医结合发展的二次创业。在山东省卫生厅和中医药管理局及大学的正确领导和支持下，始终坚持“中西医结合，特色发展”的发展战略，坚定不移地走中医药特色发展之路，发挥中西医结合优势，提高综合服务能力和水平。 我院是全省唯一三级甲等中西医结合医院，是国际爱婴医院、省直保健定点医疗机构、山东省康复治疗技术定点培训医院、山东省农村儿童先天性心脏病医疗保障定点医院、国家中医药管理局“治未病”预防保健服务试点单位、国
上海市第一妇婴保健院,8,"产科,产前诊断中心",http://yyk.familydoctor.com.cn/1039/, 上海市第一妇婴保健院创建于1947年2月，是一所医教研全面发展的三级甲等妇产专科医院。1983年起医院被世界卫生组织任名为 “WHO围产保健合作中心”，1992年通过首批全国爱婴医院评审，1993年成为复旦大学医学院(原上海医科大学)教学医院，1995年通过国家三级甲等专科医院评审，2006年成为同济大学附属医院。医院由总院、浦东分院和上海市妇女保健所组成。开放床位数380张，年均门急诊65万人次，年均出院数2.3万余人次，年均分娩数1万余例，至今已有近40万名妇女在我院平安分娩。医院设有产科、妇科、微创妇科、新生儿科、乳腺外科、计划生育科、影像诊断科、病理科、辅助生殖医学科、产前诊断中心等
中国医科大学附属第四医院,8,,http://yyk.familydoctor.com.cn/15853/, 泽仁百姓 幸福万家 ――中国医大四院简介 中国医科大学附属第四医院是集医疗、教学、科研于一体的全国首批大型综合性三级甲等医院。医院由崇山院区(院本部)及下辖的和平、太原、棋盘山四个院区组成，占地面积近12万平方米，编制床位1800张，开放床位1150张(正在建设中的扩建病房楼工程建筑面积64470平方米，编制床位650张，预计2014年10月正式投入使用)。崇山院区(院本部)位于皇姑区崇山东路4号，是一所以泌尿外科微创治疗、肿瘤疾病的综合治疗、心脑血管疾病的诊疗为特色的综合性医院;和平院区位于和平区南七马路102号，为中国医科大学眼科学系所在地，是一所以眼科疾病诊治及视光学为特色的综合性医院
天津医院,8,,http://yyk.familydoctor.com.cn/452/, 天津市天津医院是一所以骨科为重点，以创伤急救和诊疗骨科疑难重症为特色，集医疗、教学、科研、康复、预防为一体的大型三级甲等骨科专科医院。现被天津市政府命名为天津医科大学骨科临床学院。在卫生部组织的全国首批临床重点专科评选中， 天津医院骨科被评为国家首批临床重点专科，标志着天津医院骨科水平跻身于全国先列。 天津医院是在中国骨科先驱方先之教授1944年8月创建的天津骨科医院的基础上继承和发展起来的，1956年公私合营时，方先之把医院献给国家，即当时的市立人民医院。在方先之教授的倡导下，1965年在天津医院现址上建立了新的骨科医院，开始命名为“海河医院”，后更名为“反帝医院”，于1972年最终命名为
济南市儿童医院,8,,http://yyk.familydoctor.com.cn/11229/, 医院始创于1957年，现已成为山东省规模最大，集医疗、急救、预防、康复、保健、教学、科研为一体的综合性儿童医院，是卫生部首批儿科医师培训基地、省卫生厅指定的三级甲等住院医师规范化培训基地、山东大学教学医院、泰山医学院教学医院和硕士学位授予点。现有在职职工933人，卫生专业技术人员790人，博士、硕士159人。核定床位800张，开放床位560张，年门诊量74万人次，出院病人2.2万人次。 在各级政府和社会各界的大力支持和关心下，医院始终把实现好、维护好、发展好人民健康权益，保证儿童身心健康，作为医院改革发展的出发点和落脚点，从质量、安全、服务和儿童健康需求入手，着力构建现代化医院发展的“七个体
常德市第一人民医院,8,"消化内科一病区,消化内科二病区",http://yyk.familydoctor.com.cn/14109/, 常德市第一人民医院创建于1898年。其前身是美国传教士罗感恩创建的广济诊所，后更名为广德医院，是湖南省首家西医医院。当时的广德医院仅有1台显微镜，10多名医务人员，50张病床。常德解放及地改市后，医院相继更名为常德专区第一人民医院、省立常德医院、常德人民医院、常德地区人民医院、常德市第一人民医院。经过几辈一医人的艰苦创业，医院不断发展壮大，现已成为一所集医疗、科研、教学、预防、保健、康复等功能为一体的大型综合性三级甲等医院。 医院占地面积7.8万平方米，建筑面积18.3万平方米，总资产13亿余元。拥有设备设施齐全的门急诊医技综合大楼、一、二、三住院大楼及儿科大楼等医疗用房。第一住院大楼建筑面
秦皇岛市第一医院,8,"心血管一科,内分泌科,神经内科,骨二科,手显微外科",http://yyk.familydoctor.com.cn/4164/,秦皇岛市第一医院座落在环境优美的海滨城市秦皇岛市中心，医院以其一流的技术、一流的质量、一流的服务，担负着秦皇岛市及周边地区人民群众的医疗救治任务，是秦皇岛市规模最大，技术力量最强，融医疗、教学、科研为一体的大型综合性三级甲等医院。医院始建于1948年，占地120亩，建筑面积8万平方米，全院有职工1225人，其中专家201人，特贴专家1人，省有突出贡献的中青年专家1人，拔尖人才5人，博士20人，硕士研究生145人，硕士生导师21人。医院开设床位1000张，年门诊量74万多人次，出院患者2.8万多人次。目前有省重点发展学科1个，市重点学科4个，市重点发展学科5个。医院设置65个临床医技科室，承担着
义乌市中心医院,8,超声科,http://yyk.familydoctor.com.cn/8403/," 义乌市中心医院(原市人民医院)创建于1941年2月，是义乌市规模最大的集医疗、急救、教学、科研和预防保健为一体的三级乙等综合性医院。现系卫生部和国家教委定点的全国高等医学院校教学医院，温州医科大学附属义乌医院,国家级爱婴医院，国际紧急救助中心网络医院，台胞定点医院。先后荣获省文明医院、绿色医院、平安医院、首批公众诚信单位、医院管理年优秀单位、省卫生科技教育工作先进集体、省卫生先进单位等荣誉称号。在由香港《医院观察》杂志评选的2012年“全国县级医院.竞争力 100强”中综合实力名列第七位。 2003年12月28日，总投资3.4亿元，占地237亩，建筑面积11.7万余平方米，设定床位910张的"
福州市第二医院,8,肝胆外科,http://yyk.familydoctor.com.cn/9965/, 福州市第二医院位于海峡西岸省会中心城市――福州市仓山区烟台山东麓上藤路47号。仓山区古称藤山，明洪武年间北麓始建盐仓，该地俗称盐仓前，藤山遂道称仓前山，简称仓山，区名由此而来。岛内风景秀丽、气候宜人，历史上曾于烟山南麓遍植梅树，素有“琼花玉岛”的美称，古时，就有“十里花为市，千家梅作林”的繁华。由于独特的地理位置、自然条件，仓山区还是历史上有名的领事使馆区，外贸基地及航运中心，英、美、法等17个国家在仓山设立了领事馆或代办处、洋行等，同时还创建教堂，开办学校，开设医院。据记载，医院前身为英国皇家海军、英国领事馆合办的“海港医馆”，始建于同治五年(1866年)。1887年易名为“塔亭医院”，1
邢台市人民医院,8,"中医科,妇科,泌尿外科,中医康复科,关节骨科,神经外一科,脊柱骨科,创伤骨科手外科,放疗科,放射科,儿三科,神经内一科,神经内二科,神经内三科,儿二科",http://yyk.familydoctor.com.cn/4575/,邢台市人民医院始建于1945年春，是我市规模最大的综合医院，也是唯一一所“三级甲等”医院和国家级“爱婴医院”。2001年被评为河北省优质服务“百佳医院”。2004年底通过ISO9000国际质量认证。医院开放正规病床1200张，职工1440人，具有专业技术人才970名，博士生导师1名，硕士生导师3名，博士研究生4名，硕士研究生85名，主任医师73名，副主任医师120名。技术力量全市最雄厚。医院拥有现代化十六层高档次病房大楼，机构健全、分科细致。设临床科室37个，医技科室14个，并设有国家中医药管理局脑病急症康复医疗基地;心内科、放射科、泌尿外科、神经内科4个市级重点学科;骨科、妇产科、儿科、神经
国际妇幼保健院,8,"妇科,产科,乳腺科,计划生育科,超声诊断科,麻醉科,新生儿科,男性科,放射科,母婴健康中心,生殖医学中心,药剂科,计划生育科,肿瘤科",http://yyk.familydoctor.com.cn/343/, 中国福利会国际和平妇幼保健院(以下简称“保健院”)是1952年由国家名誉主席宋庆龄为保护妇女和儿童健康而创办的医院。前身是上海胶州路妇幼保健站和沪西女工保健站，均设立在沪西纱厂女工较多的地区。1951年9月18日，宋庆龄获得“加强国际和平”斯大林国际奖金10万卢布，她在支票的背面亲笔写上“此款捐赠中国福利会作妇儿福利事业之用”，决定用此款在原妇幼保健站的基础上，筹建一所妇幼保健院。妇幼保健院以“国际和平”冠名，是为了继承与发扬宋庆龄领导的保卫中国同盟、中国福利基金会在革命战争年代援建国际和平医院的崇高精神。它的“全心全意为人民、为妇女儿童服务”的宗旨，是与国际和平医院的优良传统一脉相承的。1
玉林市第一人民医院,8,,http://yyk.familydoctor.com.cn/3773/, 玉林市第一人民医院坐落于杉玉林市中心，交通方便，是桂东南最大的一所集医疗、科研教学为一体的综合性医院。属卫生部核定的全国500家最大的综合性医院之一。 玉林市第一人民医院前身是1938年（民国27年）1月1日成立的d林卫生区省立医院。1942年3月，d林卫生区卫生事务所与省立d林中心卫生院合并改组为省立d林中心卫生院。1943年6月，d林中心卫生院改名为省立d林医院。1944年成立d林县卫生院，地址在蒲塘圩，抗日战争结束后迁回d林县城公共会场后面。1947年省立d林医院与d林县卫生院合并，改名为d林公立医院。1949年11月，d林县解放，我人民政府接管后与1950年1月改名d林专区人民医院，
山西省汾阳医院,8,"心血管内科,神经内科,心胸外科,生殖医学科,肾内科,耳鼻咽喉头颈外科",http://yyk.familydoctor.com.cn/5611/, 山西省汾阳医院创建于1916年，前身是美国基督教华北公理会创办的教会医院。历经百年传承，现已发展成为一所集医疗、教学、科研、预防保健、康复为一体的三级甲等综合医院，是山西省四个区域医疗中心之一，是山西医科大学附属医院、上海市胸科医院和北京地坛医院协作医院、卫生部脑卒中防治基地，首批全国百姓放心示范医院，山西省农村参合儿童重大疾病定点救治医院。 医院占地面积8.5万平方米，建筑面积11万平方米，编制床位1100张，开放床位765张。设临床、医技科室45个，职能科室及其他科室28个，其中耳鼻喉科、呼吸内科为吕梁市仅有的两个省市共建重点学科，有心胸外科、心血管内科、肾病内科、骨科、耳鼻喉科五个市级
陕西中医药大学第二附属医院,8,"针灸康复科,脾胃病与肾病科,儿科,心血管科一病区,妇科二病区,心血管科三病区,脑病科,口腔科,心血管科二病区,血液病科,血液-风湿-肿瘤内科",http://yyk.familydoctor.com.cn/16994/, 陕西中医药大学第二附属医院是目前陕西省最大的国家中医药管理局三级甲等中西医结合医院、第三批全国重点中西医结合医院、陕西省中医药文化建设示范单位。现有床位656张，从业人员1200余人，其中高级职称201人，硕博士80余人，临床教师119名;年门诊量43万余人次，住院患者3.5万余人次;获各类各级研究成果70余项，在研科研80余项;各类大型医疗设备180余台/件。 医院现有国家级、省级重点建设专学科16个，省级二级实验室1个，国医堂、名老中医工作室5个，其中包括国家级师承导师、省级名老中医殷克敬教授工作室1个。近年来，医院形成了一批特色专学科，颈动脉内膜剥脱术、非体外循环心脏不停跳下冠状动脉架
宁波大学医学院附属医院,8,"妇产科,心血管内科,肿瘤外科,神经外科,耳鼻喉科,脊柱外科(脊柱外科一)",http://yyk.familydoctor.com.cn/7803/, 宁波大学医学院附属医院的前身是宁波市第三医院，创建于1951年5月，是一所集医疗、教学、科研及预防保健为一体的三级甲等综合医院、省文明单位、省文明医院、爱婴医院、平安医院、绿色医院、国际紧急救援中心网络医院、卫生部内镜专业技术培训基地、宁波市职业病医疗救治中心、中国医师协会妇科专家会诊中心、中华医学会糖尿病分会糖尿病教育管理认证单位。 医院核定病床800张，设有内、外、妇、儿、重症监护室等24个病区及手术麻醉科，开设60多个专家专科门诊及检验、影像、心电、超声、输血、临床微生物、药剂、病理等医疗辅助科室。医院现有职工1181人，高级职称252人，中级职称388人。近年医院在人才培养和引进上加
龙岩市第一医院,8,"心血管内科,麻醉科",http://yyk.familydoctor.com.cn/10277/,该医院原名爱华医院，创建于1919年，历经80多个风雨春秋、几代人的拼搏奉献，现已发展为闽西规模最大、设备最先进、人才最密集、技术力量最雄厚的唯一一所三级甲等综合性医院。现有编制病床840张，年门诊病人逾55万人次，收治住院病人2万人次。现有员工1000余人，其中正、副主任医师124人，中级职称239人，附设龙岩市心血管研究所、儿科研究所、骨科研究所、龙岩市急救中心(病床40张)、中心实验室及眼科中心、儿科中心、呼吸中心、肿瘤中心、干细胞移植中心、中心ICU等专科诊疗中心。全院设有15个职能科室，23个临床一级科、14个临床二级科及21个医技科室，是福建医科大学、福建中医学院、江西赣南医学院及
怀化市第一人民医院,8,"儿科,老年病科,泌尿外科,心内科,血液科,新生儿科,风湿免疫科",http://yyk.familydoctor.com.cn/14558/, 成立于1970年的怀化市第一人民医院，前身为湖南省铁路工程指挥部医院、怀化地区第一人民医院，是湖南西部最大的集医疗、科研、教学、康复、预防于一体的三级甲等综合医院，全国百佳医院、全国百姓放心示范医院，系南华大学怀化临床学院、南华大学附属怀化医院，南华大学和吉首大学硕士学位培养点，湖南省住院医师规范化培训基地，全国全科医生规范化培训和转岗培训基地，怀化市高危孕产妇抢救中心。 医院占地255亩，业务用房11.86万平方米。职工2039人，专业技术人员1869人，有正、副教授311人，硕士研究生导师16人，博士6人，硕士164人，编制床位1800张，承担本科、硕士研究生等多层次教学任务。 现有39
中山市博爱医院,8,"外科,儿科,妇科,生殖中心,产科,五官科,妇女保健科,新生儿科",http://yyk.familydoctor.com.cn/2408/,中山市博爱医院由原中山市妇幼保健院和原中山市博爱医院合并而成，现已发展成为一家突出妇幼专科特色，综合全面发展，集预防、保健、治疗、康复、科研、教学于一体的复合型专科医院。环境优美、设备精良、管理科学，先后荣获广东省首批全国“爱婴医院”、“全国妇幼卫生工作先进单位”、“广东省百家文明医院”、“广东省妇幼卫生先进集体”、“广东省热爱儿童先进集体”，是广州医学院、广东药学院教学基地，已被国际微笑行动中国基金协议为中国南部微笑行动中心。 医院占地面积近200亩，总建筑面积7万多平方米，建有门诊大楼、住院大楼、医技大楼以及综合服务大楼。设现代化标准病床500张，职工775人，卫技人员占80%以上（其中副
宁波市妇女儿童医院南院,8,"产科,小儿监护病房,儿四科,儿科急救科,新生儿科",http://yyk.familydoctor.com.cn/7743/, 宁波市妇女儿童医院(宁波市妇幼保健院 宁波市红十字医院)是一家以妇产科、儿科为主要专科，功能完善、设施齐全、技术先进、服务规范、特色鲜明的集医疗、保健、教学、科研、预防、急救、康复、健康教育为一体的三级甲等妇女儿童医院。既承担了宁波市及周边地区妇女儿童各类疾病的诊治和危重疾病的抢救工作，又承担着全市妇幼保健业务的技术指导工作。 医院前身为1975年成立的宁波地区医院，1983年改名为宁波市明州医院。1985年与宁波市第一医院儿科、宁波市第二医院妇产科整合组建宁波市妇女儿童医院，1993年增设宁波市红十字医院，1998年增设宁波市妇幼保健院，是宁波大学医学院的非直属附属医院，还是浙江省、江苏省
湖北省中山医院,8,,http://yyk.familydoctor.com.cn/13482/," 湖北省中山医院始建于1951年，原名为武汉军工总医院，国家三级甲等医院。2002年6月，由军队管理移交至湖北省卫生厅，属政府主办的非营利性医疗机构，同属""武汉大学医学院附属中山医院""，是一所集医疗、科研、教学、预防、康复为一体的综合性医院。2004年9月，伟大的革命先行者孙中山先生的孙女，檀香山中国妇女慈善会会长孙穗芳博士受聘担任名誉院长。 2012年8月，医院正式合并武汉市阳逻中心医院，挂牌“湖北省中山医院阳逻院区”。阳逻院区始建于1958年，1996年被卫生部评定为二级乙等综合性医院，院区占地180亩，建设面积50000余平方米，编制床位800张，目前开放床位近300张，临床医技科室26"
泸州医学院附属中医院,8,"骨伤科,心脑病科,妇产科,肝病科,儿科,耳鼻咽喉科,脾胃病科,外科1（普外科）,皮肤科,肾病科,麻醉科,肺病科,肛肠科,新生儿科",http://yyk.familydoctor.com.cn/18443/, 中西医结合学院前身为1977年建立的泸州医学院中医系，1993年正式招收硕士研究生。附属中医院于1983年建立， 1998年中医系与附属中医院实行“系院合一”管理体制，2001年中医系更名为中西医结合系，2003年更名为中西医结合学院。 目前中西医结合学院・附属中医医院共有教职员工1600余人，其中硕士、博士240余人，高级职称专家200人，博士研究生导师和硕士研究生导师80人，国务院特殊津贴专家6人、省优专家3人，省市名中医13人，学术技术带头人及后备人选20余人，国家级、省级学术专委会委员以上专家数100余人。 中西医结合学院设有中西医临床医学、中医学两个本科专业及中西医临床皮肤性病、中
苏州大学附属儿童医院,8,"血液科,新生儿科,肾脏科,普外科,骨科",http://yyk.familydoctor.com.cn/7872/, 苏州大学附属儿童医院，又名苏州市儿童医院，位于江南历史文化名城苏州市中心繁华地段，隶属于江苏省卫生厅。1959年，在原苏州医学院附属第一医院儿科的基础上独立组建，经过几代人的努力，现已发展成为一所集医疗、教学、科研、预防保健为一体的综合性三级儿童医院。2001年设立苏州大学儿科医学研究所。 医院现有职工600余名，卫技人员近500名，其中高级职称60余名，享受国务院特殊津贴专家11名，江苏省有突出贡献的中青年专家3名，博士生导师3名，硕士生导师30余名，省“333”工程培养对象6名，省“135”工程重点医学人才2名，省“青兰工程”学术带头人1名。医院目前占地面积18170平方米，实际开放床位
广西民族医院,8,"神经内科,手术-麻醉科,普外科",http://yyk.familydoctor.com.cn/3033/,　广西民族医院位于广西壮族自治区首府南宁市明秀路232号，创建于1954年7月，占地面积54294.6O，是一所集医疗、教学、科研、预防于一体的国有综合三级甲等医院，获“全国百姓放心示范医院”、“国家级爱婴医院”、广西及首府南宁“三星级绿色环保医院”、广西五一劳动奖状、“广西白内障手术复明先进单位”、“广西厂务公开民主管理先进单位”、“广西卫生系统科技工作先进单位”等称号。 广西民族医院现有职工1700多人，高级专业技术人员150多人，中级专业技术人员500多人。医院尊重知识，重视人才，实施人才兴院工程，建立中青年人才选拔培养体系，明确专业技术人才培养管理办法，并实行分级量化聘任，在专业技术职
百色市人民医院,8,"神经内科,神经外科,心血管内科,创伤骨科,肾内风湿免疫科,泌尿外科,消化内科,心胸外科,皮肤性病科,急诊科",http://yyk.familydoctor.com.cn/3805/, 百色市人民医院始建于1928年，历经普生医院、百色专区医院、百色地区人民医院等易名，2002年百色撤地设市更名为百色市人民医院。她是桂西一所规模宏大、设备齐全、技术力量雄厚，集医疗、教学、科研、预防保健、康复于一体的综合性三级甲等医院。 医院占地面积97亩，建筑面积11.8万平方米，开放病床984张，全院职工2072人，其中正教授26人，副教授152人。设有61个职能、临床和医技科室，拥有磁共振(MRI)、64排128层螺旋CT、DSA、DR、ECT、直线加速器、彩色B超、高压氧舱、全自动生化分析仪等各种大型先进医疗设备。 医院坚持以人为本、精益求精的服务理念，注重人才培养并不断加强学科团队
温州市中心医院,8,"肿瘤放疗,神经内科,消化内科,儿科,急救科,肿瘤外科,消化内科 ,神经内科 ,泌尿外科,温州市出生缺陷重点实验室 ,超声影像科 ",http://yyk.familydoctor.com.cn/7809/, 温州市中心医院(温州市肿瘤医院、温州市医药科学研究所)坐落在美丽的瓯江之滨，是一所集医疗、教学、科研、预防、保健、康复为一体的三级甲等综合医院。 是浙江三家百年名院之一。l 百年名院 业绩辉煌追溯历史，温州市中心医院起源于英国基督传教士苏慧廉1897年(清光绪23年)在温创办的教会医院――定理医院;1906年，医院声誉鹊起，择址城西大简巷(即医院现址)另建，原定理医院迁入并更名为白累德纪念医院;1954年，政府正式接管，成为公立医院，由浙江省卫生厅命名为温州市第二人民医院;2002年―2003年，医院先后和温州市医药科学研究所、温州市第五人民医院、温州市肿瘤医院资产重组合并，“三院一所”的医
郑州大学第三附属医院,8,"产科一病区,PICU科,妇科肿瘤病区,妇科一病区",http://yyk.familydoctor.com.cn/12071/,郑州大学第三附属医院暨河南省妇幼保健院是由河南省人民政府命名的集医疗、保健、教学、科研、培训、指导六位一体的河南唯一省级妇产儿童专科医院。承担着全省妇幼保健、妇产儿童专业技术人员的业务培训和技术指导任务，是联合国儿童基金会指定的我国大陆七大培训基地之一。近年来，面对医疗保健市场的激烈竞争和妇女儿童对保健需求的日益增强，医院坚持“病人第一、服务第一、质量第一、信誉第一”的办院宗旨，以妇儿专业为龙头，以相关专业为补充，辅助科室配套合理，设备齐全先进，后勤保障有力，环境优美典雅，具有一流医疗质量、一流服务水平的现代化医院已建成。医院先后荣获全国妇幼工作先进单位、全国创建文明行业先进单位、河南省助残先
新疆维吾尔自治区人民医院,8,"胸外科,心外科,心血管内科",http://yyk.familydoctor.com.cn/18188/,新疆维吾尔自治区人民医院始建于1934年，是一所集医疗、教学、科研、预防、保健和社区服务为一体的大型综合性“三级甲等医院”。曾先后荣获“全国百佳医院”、“全国五一劳动奖状”、“全国诚信医疗先进单位”、“全国万名医师支援农村卫生工程先进集体”、“全国政务公开示范点”单位、“自治区级文明单位”、“开发建设新疆先进集体”、“自治区医疗济困暨城乡医疗救助工作先进集体”、“自治区为见义勇为作出突出贡献先进单位”等荣誉称号。目前，医院编制床位2410张(含两所分院310张)。总院现有46个临床科室，16个医技科室，30个行政职能科室，设有博士后科研工作站，4个自治区级中心(自治区急救中心、自治区伽玛刀治疗
福建省妇幼保健院,8,"妇科,产科,儿科,儿童保健科,新生儿科,小儿外科",http://yyk.familydoctor.com.cn/9765/, 福建省妇幼保健院（福建省妇儿医院）位于福州市鼓楼区道山路18号。医院始建于1935年，原称“福建省立福州产育院”，1951年改名为福建省妇幼保健院。1991年3月福建省妇幼保健指导所并入医院设立保健部，形成一院二部（保健部、临床部），担负全省妇女儿童保健技术业务指导和妇女儿童常见病、多发病及疑难病症的诊治、教学、科研工作。1996年通过卫生部评审成为全国首家三级甲等妇幼保健院，2003年经省卫生厅批准增加“福建省妇儿医院”第二称谓。 医院占地面积27394.55平方米，建筑面积44844平方米，现有床位柒700张，职工总数830人，卫生技术人员710人，其中正（副）主任医师、教授等高级人才9
阳江市人民医院,8,,http://yyk.familydoctor.com.cn/1760/, 阳江市人民医院医院为阳江地区规模最大、设备最先进、技术力量最强的集医疗、教学、科研、保健和康复于一体的综合性医院，也是阳江地区唯一一家三级甲等医院，担负着阳江市280多万人口的诊疗、急救、预防等工作和广东省多所高等医学院校的实习教学任务，于2012年成功创建广东医学院非直属附属医院。 医院历史悠久，底蕴深厚。 阳江市人民医院到如今已经历了110年的风风雨雨。她的前身，可以追溯到光绪二十九年(公元1903年)，美国传教士开办的“阳江化民博济医院”，1945年改名为“福民医院”。新中国成立后，人民政府重新对阳江地区的卫生资源进行整合，并于1951年把当时的私人医院书年医院、福民医院和阳江卫生院三
黔西南州人民医院,8,心血管血液内科,http://yyk.familydoctor.com.cn/19431/, 黔西南州人民医院(遵义医学院第七附属医院)是黔、滇、桂三省(区)结合部最大的一家地州级医院，2001年被评为国家“三级综合医院”，2009年11月成为遵义医学院非直属第七附属医院，2011年11月晋升为国家“三级甲等综合医院”。也是黔西南州医疗、教学、科研指导中心。医院还是遵义医学院附属医院、贵阳医学院教学医院、黔西南州直医保、工伤保险、新型农村合作医疗、全州八县市及顶效开发区、保险公司等医疗保险定点医院。 黔西南州人民医院编制床位1000张，现有职工1543人，其中在职职工1315人，正高职称人员25人，外聘正高职称人员31人，有副高职称人员124人，中级职称人员221人。硕士研究生导师3
长沙市中心医院,8,"急诊科,运动医学关节外科骨病科,呼吸内科,心血管内科,老年医学科,肺科",http://yyk.familydoctor.com.cn/14118/, 长沙市中心医院是一所集医疗、预防、急救、康复、教学、科研为一体的三级甲等综合医院，设有本部和北院。医院本部位于长沙市韶山南路与二环线新中路立交桥交界的要冲地带;北院位于长沙市湘春路长春巷2号。医院占地面积达185亩(其中北院15亩)，现有在职职工 2300余人，其中硕士生导师30人，博士33人，硕士360名;高级专业技术人员262人，中级专业技术人员474人。编制床位2363张。 医院学科齐全，技术力量雄厚，开设临床医技科室68个，其中国家级重点建设专科1个，省级重点专科3个，市级重点专科10个。市级质量控制中心9个，获批长沙市急性胸痛中心、急性中毒救治中心以及肿瘤生物治疗中心。普外科、泌尿
常州市妇幼保健院,8,"产科,新生儿科,妇瘤科",http://yyk.familydoctor.com.cn/7008/, 一所集医疗、保健、教学、科研于一体的三级甲等妇幼保健院。是南京医科大学、苏州大学及扬州大学等多家院校教学医院和临床实习基地。 医院核定床位300余张，实际开放床位450张，职工712人，其中中高级职称258人，硕士研究生28人，拥有全国劳模、享受国务院津贴的妇科专家许培箴、常州市感动百姓好党员产科主任蒋雅琴等一大批医学专家及学科带头人。医院分为临床、保健两大部分，建有“江苏省新生儿疾病筛查中心常州分中心”、“常州市生殖医学中心”、“常州市产前诊断中心”及通过卫生部验收的临床基因扩增实验室。妇科、产科分别是常州市的重点学科和重点专科。医院年门诊近40万人次，出院病人1.5万人次，固定资产2.4
钦州市第一人民医院,8,"肾内科,心胸外科",http://yyk.familydoctor.com.cn/3653/, 钦州市第一人民医院始建于1965年，是一家集医疗、预防保健、教学、科研为一体的现代化国家三级甲等综合医院。 [医院规模]现编制病床1355张;年门诊量105万人次，年住院病人5万人次，年住院手术1.5万多例。 [医院文化]以“敬业务实、求精争先、团结奉献、博爱至诚”为医院精神;以“病人利益第一、服务质量第一、医疗技术第一、社会效益第一” 为办院宗旨。服务理念：以人为本，患者至上。医院愿景：打造广西北部湾地区医疗保健中心。 [人才实力]现有在职职工2193人，其中卫技1720人，正高级职称32人，副高级职称161人，教授21人，副教授69人，研究生导师4人，博士3人，在读博士2人，硕士研究生7
深圳市第二人民医院,8,"血液内科,肝胆外科,儿科,骨科,乳腺-甲状腺外科,中西医结合老年病科,超声科",http://yyk.familydoctor.com.cn/30/, 深圳市第二人民医院(深圳大学第一附属医院)是集医疗、教学、科研、康复、预防保健和健康教育“六位一体”的现代化综合性医院。医院始建于1979年。1996年创建为国家“三级甲等”医院，是深圳市首批两家“三甲”医院之一。2008年经国家教育部批准，成为“深圳大学第一附属医院”。同年国家卫生部授予医院“全国卫生先进单位”称号。2012年中华全国总工会授予医院“全国五一劳动奖状”，是迄今为止深圳市唯一获此殊荣的大型综合性医院。2012年国家人力资源和社会保障部、教育部、体育总局授予医院“深圳世界大学生运动会先进集体”。2012年深圳市委和市人民政府授予医院“2008-2011年度文明示范窗口”。荣获2
西安市中心医院,8,,http://yyk.familydoctor.com.cn/16918/, 西安市中心医院，创建于1952年，其前身为西北军政委员会卫生部直属医院，1954年更名为西安市中心医院。经过60年的建设与发展，西安市中心医院已成为一所设备先进，学科齐全，技术力量雄厚，集医疗、教学、科研、预防保健等为一体的大型综合性现代化医院。医院地处西安市繁华地段，编制床位1000张，拥有重症监护病床40余张和现代化层流手术室21间，干细胞移植层流手术室3间。 医院现有正式职工1254人，其中各类专业技术人员1052人，具有高级职称专业技术人员331人，享受国务院特殊津贴和荣获省、市突出贡献称号专家16人，博士、硕士研究生211人。 医院拥有先进的医疗仪器设备，其中有1.5双梯度核磁共振
佛山市妇幼保健院,8,"妇科,儿科,皮肤科,儿科门诊,儿童保健中心,妇科病区,妇科门诊,产科病区",http://yyk.familydoctor.com.cn/981/, 佛山市妇幼保健院始建于1951年，是一所以妇女、儿童为服务对象，集预防、保健、医疗、科研、教学于一体的公共卫生保健机构，1991年加名“佛山市妇儿医院”，1994年评定为二级甲等妇幼保健院，2000年批准为副处级建制单位，2011年顺利通过三甲妇幼保健院等级评审。2007年以来先后成为广东省高等医学院校教学医院、暨南大学医学研究生培养基地、中山大学公共卫生学院教学基地、南方医科大学非直属附属医院。医院现有职工800余名，其中高级职称119名，硕士研究生导师28名，32名学科带头人在国家、省、市相关学会担任职务。占地面积18843平方米，建筑面积51188平方米，固定资产总值3.5亿元，配备先
重庆市妇幼保健院,8,"妇科,新生儿科",http://yyk.familydoctor.com.cn/41/," 重庆市妇幼保健院(重庆市妇产科医院 重庆市遗传与生殖研究所)创建于1945年，历经70余年的建设和发展，已成为一所集临床医疗、妇幼保健、科研教学为一体的服务能力出众、医疗技术精湛的省级专科医院。医院位于重庆市渝中区金汤街64号，编制床位300张，现有职工1056人，其中卫生专业技术人员788人、高级职称253人，拥有博士13名，国务院特殊津贴专家2名。2015年门诊病人102万余人次、收治病人1.9万余人、住院分娩7千余人次、住院病人手术1.5万余台、门诊手术1.7万余人次。 位于渝北区冉家坝的新院区――重庆市妇幼保健中心，占地面积28000余平方米,业务用房面积10万余平方米，病床设置50"
北京军区总医院附属八一儿童医院,8,"儿童泌尿外科,足月儿重病监护病房,围足月与外科NICU,早产新生儿监护病房,儿童血液和肿瘤科",http://yyk.familydoctor.com.cn/320/," 北京军区总医院附属八一儿童医院组建于2007年5月30日，是我军第一所儿童综合医院。为全军儿科研究所，全军计划生育优生优育技术中心，儿科学博士学位研究生培养及临床医学博士后科研工作站学科，中国医师协会新生儿科医师分会、中国医师协会儿童健康专业委员会、中国医学救援协会儿科救援分会以及全军计划生育优生优育专业委员会挂靠单位，民政部""明天计划""部级定点医院、国家人口和计划生育委员会""先天性病残儿诊断与研究中心""。 附院以“保障儿童生命健康、保障部队的战斗力、保障基本国策落实”为己任，以“姓军为民、立足首都、面向全国”为原则，按照“优先不对称竞争力”的策略，走"
厦门市妇幼保健院,8,,http://yyk.familydoctor.com.cn/9803/, 厦门市妇幼保健院、林巧稚妇儿医院坐落于美丽的鹭江之畔，与“海上花园”鼓浪屿隔海相望。医院创建于1959年，建筑面积6.3万平方米，是集保健、医疗、教学、科研为一体的大型三级甲等妇幼保健院，承担着为全市妇女、儿童提供保健及医疗服务、指导培训基层妇幼保健工作、统计全市妇幼卫生信息、健康教育、教学、科研等任务。努力降低孕产妇死亡率、婴儿死亡率，优生优育，提高出生人口素质，提高妇女儿童健康水平。 医院现有编制床位数700张，职工1100余名。年门诊量140余万人次，出院近3万人次，年分娩量1.6万余人次，手术2.1万余例，服务范围已辐射至厦门周边多个地区，外埠来院就诊患者占医院门诊人数的60%以上、
邯郸市第一医院,8,"心内科,血液内科,急诊科,神经内科,普外科",http://yyk.familydoctor.com.cn/4391/,邯郸市第一医院位于古赵国都城邯郸市北侧，东靠繁华的中华大街，西临举世闻名的“学步桥”，北傍清澈流淌的沁河，南依景色宜人的丛台公园。医院占地面积4万余平方米，建筑面积6万余平方米，开放床位960张。年门诊量50万人次，出院病人数近3万人次。医院现有在职职工1448人，其中正高级职称46人;副高级职称175人;中级职称438人;博士6人，硕士研究生113人，硕士生导师7人，形成了一支老、中、青结合，梯队合理、朝气蓬勃的人才队伍。医院始建于1950年，是冀南地区建院较早、规模较大的综合性医院，是一所门类齐全、人才结构合理、技术力量雄厚、医疗设备先进、专业特色突出、医教研全面发展的“三级甲等”医院、全
渭南市中心医院,8,"神经内科,普外科,心血管内科,神经外科",http://yyk.familydoctor.com.cn/17100/, 陕西省渭南市中心医院是陕西东部唯一的三级甲等医院，是渭南市医疗、教学、科研、预防、保健中心，是重庆医科大学附属第一医院、西安交通大学第一附属医院和第四军医大学的协作医院，陕西省全科医师临床培养基地。 医院创建于1931年，新院规划用地202亩，建筑面积11万平方米，开放床位1100张，设置科室72个，其中临床科室26个，医技科室18各位，行政后勤科室28个。新区设计先进，配套设施完善，病房宽敞，环境优雅，能够满足不同层次群众的就医需求。设有学术报告厅、陕西省癌痛规范化治疗示范病房、规范化的网络中心机房、独立卫生间等，并配置有中心供氧、中央空调、危重病人监护等设施。产房、手术室、ICU、新生儿
日照市人民医院,8,肿瘤科,http://yyk.familydoctor.com.cn/11800/,日照市人民医院创建于1949年，座落在风景秀丽、气候宜人的黄海之滨，是全市目前唯一的三级综合性医院和医疗、教学、科研、保健中心。为适应沿海开放城市发展的需求，医院于2002年5月整体东迁至新市区。磁共振、智能化高速螺旋CT、彩超、1000mA数字化胃肠机
天津儿童医院,8,,http://yyk.familydoctor.com.cn/462/, 天津儿童医院的前身是妇婴医院，1951年更名为天津市儿童医院，经过几十年的发展壮大，它已经成为我市唯一一所三级甲等综合性儿科医院。它集医疗、教学、科研、预防、保健、康复为一体，是我国儿科医疗保健中心之一，其服务辐射华北地区。 医院总面积55173平方米，其中医疗用房43864平方米。全院开放床位521张，年收治住院病人约2万余人，门诊量140余万人。 医院始终坚持“以病人为中心，全心全意为患儿服务”的办院宗旨。2000年改扩建后，就医环境得到了明显改善。2001年获全国首批“百姓放心医院”称号，2007年顺利通过三甲医院复审。 医院技术力量雄厚，全院职工1330余人，拥有高级专业技术人员18
东莞康华医院,8,"普外科,神经内科,心内科,口腔科,耳鼻喉科,胸外科,心血管外科,肝胆胰脾外科",http://yyk.familydoctor.com.cn/1594/, 东莞康华医院由东莞康华集团投资23亿元建成，坐落在珠江三角洲腹地，位于广东省东莞市中心区南城，紧邻广深高速公路，距离广州、深圳一个小时车程。它2002年9月奠基，2006年11月正式开诊，是目前全国首家最大规模的民营三甲医院。 医院依山造势，绿荫掩映，占地563亩，建筑面积35万平方米，其中医疗区26万平方米，生活区9万平方米，内设普通病床1500张，贵宾病床500张，重症监护病床100张，外科手术室63间，介入导管室6间。3万平方米的门诊部日可接待逾万门诊病人，贵宾门诊和集疾病诊治、高级健检、产后康复、康复疗养、健康养生、旅游观光的一站式贵宾住院部“华心楼”，为有需要的人群提供“私人管家式
无锡市妇幼保健院,8,,http://yyk.familydoctor.com.cn/7120/, 无锡市妇幼保健院创建于1950年，是无锡地区唯一的专业性妇幼保健机构。承担着无锡市及周边地区妇幼临床、科研、教学和新技术推广工作;承担着全市儿童保健、妇女保健、婚姻保健、计划生育技术指导、优生优育技术服务和监测指导工作;承担着各级妇幼保健人员的培训、信息统计、健康教育工作。先后被命名为苏南地区遗传医学诊断中心、全国爱婴医院、世界卫生组织临床研究及培训基地，2002年荣获三级甲等妇幼保健院，2003年创建成南京医科大学附属医院。先后荣获全国卫生系统先进集体、全国五一劳动奖状、全国三八红旗集体、江苏省文明单位、江苏省用户服务满意明星单位等荣誉。全院开放床位600张，现有正式职工660人。2007
深圳市第五人民医院,8,"生殖医学中心,泌尿外科,神经内科,妇产科",http://yyk.familydoctor.com.cn/229/," 深圳市第五人民医院(罗湖医院)始建于1957年4月，毗邻香港，地处罗湖商业闹市区。医院经过50多年的成长,现已发展成为一家以医疗为主，集预防保健、康复、科研和教学为一体，学科齐全、设备先进、技术力量雄厚的现代化三级综合性医院。2011年成为深圳大学非直属附属医院。医院现有职工1250 余人，其中拥有副主任医师以上职称的高级技术人才210余人，有博士25人，硕士90余人。医院建筑总面积达75000平方米，开放床位750张。日均门诊量4000多人次。 医院拥有先进的医疗设备：深圳市首台128排(256层)极速螺旋CT、深圳市首台数字平板多功能动态X光机、深圳市首台飞利浦FD-20数字减影X光机("
河北省儿童医院,8,"重症监护科,新生儿科,心外科",http://yyk.familydoctor.com.cn/4157/,河北省儿童医院坐落在省会石家庄建华南大街与裕华路交叉路口，交通便利，环境宜人。医院内绿树成荫，环境优雅，为全省儿童提供了良好的就医环境。该院始建于1989年，设床位365张。年门诊量近22万人次，年住院病人2万多人次，有职工697人(正式职工555人，临时职工142人)，其中医务人员221人，护理人员178人，行政后勤人员156人，卫技类高级职称人员109人，高级政工、会计、工程师18人，技术力量雄厚。该院是一所集医疗、教学、科研、保健、康复、急救为一体的大型三级甲等综合性医院，全国百姓放心示范医院，国家级爱婴医院，河北省百佳医院，河北省卫生系统文明服务三星级单位。该院拥有六排螺旋CT、飞利浦
包头市中心医院,8,"心脏内科,神经外科,肿瘤科,普外三科",http://yyk.familydoctor.com.cn/5774/," 包头市中心医院(原包头市第二医院)始建于1942年，于1998年9月1日正式更为现名，是一所集医疗、教学、科研、预防保健和康复为一体的综合性三级甲等医院。医院占地面积7.3万平方米，建筑面积13.8万平方米;固定资产7.42亿元;开放床位1500张;年平均门诊量近50万人次，年住院4万人次。内设41个临床科室，18个医技科室。现有正式职工1108人，专业技术人员991人，其中：正高101人(教授17人)，副高235人，硕士生导师43人(目前已培养硕士研究生273名)，博士5人，硕士165人。享受国务院特殊津贴专家3人,自治区杰出人才2人,卫生部突出贡献中青年专家、自治区突出贡献专家6人，32"
深圳市宝安区沙井人民医院,8,外伤科,http://yyk.familydoctor.com.cn/519/, 深圳市宝安区沙井人民医院位于深圳西部的珠江口东岸，广深高速、107国道广深路段沙井镇内。服务面积52平方公里，服务人口53万。是一所集医疗、预防、保健、康复、教学、科研于一体的现代化综合医院。是广州医学院的教学医院，湖南医科大学附属二院、南方医院和四川省皮肤病性病防治研究所的协作医院，已与国际紧急救援中心SOS香港部签约，成为合作医院。1994年被评为“二级甲等”医院，1995年被评为“爱婴医院”。2001年初，广东省创伤救治科研中心手外科及深圳市手外科治疗康复中心在该院挂牌成立。该院是第一批医保定点医院。 全院有职工530人，其中高级职称52人，中级职称92人，编制床位280张，实际开放3
台州市第一人民医院,8,,http://yyk.familydoctor.com.cn/8677/, 医院1995年成为温州医学院教学医院，同年被世界卫生组织和联合国儿童基金会授予爱婴医院;1996年省厅授予省级文明医院;1997年成为浙江省高等医学院校合格教学医院;1999年省政府颁发省级文明单位称号;连续七年获得省级创安先进集体;2002年以来，相继与浙江省人民医院、浙江大学附属第二人民医院、附属妇产科医院、浙江省邵逸夫医院等建成协作医院，并与数家省级医院建立远程会诊;2007年创建省级绿色医院;2008年创建省级平安医院;2010年相继成为温州医学院附属黄岩医院(筹)、台州学院医学院附属黄岩医院、浙江医学高等专科学校黄岩临床学院;2011年成为国家高血压科普培训教育基地;2012年成为
东莞市太平人民医院,8,"儿科,骨外科,心血管内科,耳鼻咽喉科,呼吸内科,心胸外科,骨科,烧伤整形科,新生儿科,重症医学科,中心实验室",http://yyk.familydoctor.com.cn/1523/, 东莞市第五人民医院(原东莞市太平人民医院)创建于1954年，现已荣膺三级甲等综合医院、暨南大学非直属附属医院，是莞南地区最大一间环境优美、设备精良、技术力量雄厚的集医疗、急救、教学、科研、保健、康复于一体的现代化市属区域性中心医院。承担多个高等医学院校本科和研究生的临床教学任务，与省内多家知名医院开展着广泛的业务协作。 医院占地面积3.8万平方米，建筑面积8.2万多平方米。全院在岗员工1500多名，卫生技术人员1100多名，其中正高近50人，副高职称人员150余人。设有职能科室20个，临床科室34个、医技及辅助科室14个，外设1间分院、1个门诊部，核编床位900张。拥有核磁共振影像系统、高端
南华大学附属南华医院,8,,http://yyk.familydoctor.com.cn/19902/, 南华大学附属南华医院，前身为核工业415医院，建院于1958年，2002年并入南华大学、成为南华大学直属型附属医院，是一家历经半个多世纪沧桑变迁的集医疗、预防保健、教学、科研于一体的大型综合性“三级甲等医院”。是省市县医保、居民医保、工伤医保、生育保险、铁路医保、新型农村合作医疗定点医院;是衡阳市“十佳医院”、“文明优质服务医院”、“政风行风示范单位”，全国“明明白白看病百姓放心医院”。 医院是衡阳市大外科专业委员会、普通外科专业委员会、手外科、显微外科专业委员会、骨科专业委员会、临床药学专业委员会主委单位。普外科和手外科是湖南省省重点建设临床专科。手外科挂牌为衡阳市手外科中心。 医疗队伍 
湖南省妇幼保健院,8,,http://yyk.familydoctor.com.cn/13865/," 湖南省妇幼保健院成立于1947年，是湖南省卫生计生委直属的集医疗、妇幼保健、临床教学、科研于一体的三级甲等妇幼保健院，是国家博士后工作站、全国妇幼卫生人员培训基地、国家级爱婴医院。 医院概况 医院担负着全省妇女儿童的保健、医疗、健康教育、科研教学、妇幼保健基层技术指导、妇幼卫生人员培训、妇幼卫生信息统计等多项任务,对全省14个市(州)、122个县的妇幼保健机构进行业务管理和技术指导，是湖南省基层妇幼保健技术指导的龙头单位。 全院在职职工1448人，在编职工1190人(其中专业技术人员1005人，管理人员97人，工勤技能人员88人)。坚持保健与临床相结合，医院现有编制床位1050张，年门诊量1"
贵州医科大学第二附属医院,8,"心内科,重症医学科,泌尿科,普外科,肿瘤科",http://yyk.familydoctor.com.cn/19204/, 医院经过近50年的建设和发展，已成为一所集医疗、教学、科研、急救、预防、康复和保健于一体的三级甲等综合医院，贵州省紧急救援中心黔东南急救站设在本院。下辖凯里经济开发区人民医院、贵阳新天振华医院，1所卫生职业技术学校(在校生1200余人)，1所法医学司法鉴定所，1所肿瘤生物及细胞治疗中心。 医院不断引进国内外高新设备和技术，学科专业不断得到发展，医疗、教学、科研水平和服务质量不断提高，形成较强的综合实力。在心内科、神经内科、内分泌科、神经(癫痫)外科、肿瘤科、骨外科、整形外科、泌尿外科、普外科、妇产科、口腔科、口腔颌面外科等专业领域形成了优势品牌。腹腔镜微创技术、皮质脑电波定位手术治疗癫痫、人
深圳市龙岗中心医院,8,"神经内科,传染科,康复医学科",http://yyk.familydoctor.com.cn/676/, 深圳市龙岗中心医院创立于1952年，是深圳市东部最大的一所综合性医院，是龙岗区的急救、医疗、教学、科研、康复和保健中心，1998年被广东省卫生厅批准设置为三级医院，2005年被市政府命名为“深圳市第九人民医院”。2011年，顺利通过广东省卫生厅评审，成功创建成为深圳市东部、龙岗区首家“三级甲等综合医院”。 医院规模 医院占地面积10.9万m2，建筑面积15.3万m2，医院编制床位数880张，实际开放病床855张。2013年，医院门急诊量约224万人次，住院病人约3.6万人次。 医院现有员工2089人，其中：卫生技术人员1647人，正高职称107人，副高职称257人，其中：深圳名医3人、博士研
沧州市人民医院,8,,http://yyk.familydoctor.com.cn/4721/, 沧州市人民医院建于1961年，有着40多年的发展历史，是一所集临床、教学、科研、预防、康复、急救为一体的，三甲规模的大型综合性医院，现开放床位610张。医院总占地面积4.5万平方米，总建筑面积3万平方米，是河北医科大学沧州分院（沧州医专）的附属医院、是承德医学院、河北职工医学院的临床教学医院。 XGY―OPER开放型核磁共振成像系统，CT两台(一台是飞利蒲高档螺旋CT、一台64排全身螺旋CT)、美国GE血管造影机一台，彩超三台（一台是美国ATL超9、一台是GE―VV7专用于心脏超声、另一台是飞利蒲高档彩超），黑白B超三台（一台是西门子、一台是日本阿洛卡、一台是日本本田便携式B超）、大型全自动
池州市人民医院,8,"妇产科,感染科,心内科,呼吸内科,消化内科,泌尿外科,神经外科,普外胃肠病区,普外微创病区,骨一科,骨二科,骨三科,急救中心,普外肝胆病区,急诊外科,肿瘤科",http://yyk.familydoctor.com.cn/9558/, 池州市人民医院始建于1970年。1972年4月正式开诊，历经四十多年的建设，现已发展成为一所具有一定规模、技术力量雄厚、功能齐全、设备先进的“三级甲等”综合性医院，是池州市医疗、教学、科研及预防保健中心、卫生部紧急救援中心网络医院、皖南医学院附属医院、安徽医科大学临床学院、国家级爱婴医院、池州市红十字医院。 医院占地面积8万平方米，医疗用房6万平方米，实际开放床位1099张，员工1198人，正高级职称26人，副高级职称81人，博士1人，硕士研究生104人，在职攻读博士5人，教授、副教授30余人、硕士生导师5人。医院拥有64排螺旋CT、1.5T光纤核磁共振、大平板数字化血管造影机、多功能数字化
钦州市第二人民医院,8,骨外一科,http://yyk.familydoctor.com.cn/3675/, 钦州市第二人民医院是北部湾地区集医疗、教学、科研和预防保健为一体的国家三级甲等综合医院。始建于1933年，是钦州市建院历史最长的公立医院。现有在职职工887人，其中主任、副主任医师70名；开放病床700张。拥有德国西门子核磁共振等高、精、尖医疗仪器设备300多台套，总价值超亿元。按国际标准配置先进的手术室、ICU（重症监护病房）及烧伤病房；与首都医科大学附属北京安贞医院联合成立北部湾地区首家心血管疾病诊疗技术协作基地，是“全国精神文明建设工作先进单位”和广西“科技先进单位”。 全院设置临床、医技科室36个，拥有心胸外科、神经外科、肝胆外科、胃肠腺体外科、创伤手外科、脊椎骨病外科、泌尿外科、妇
温州市中西医结合医院,8,神经内科,http://yyk.familydoctor.com.cn/7586/, 温州市中西医结合医院（浙江中医药大学附属温州中西结合医院），是目前温州市规模较大的集医疗、科研、教学、预防、保健、康复于一体的唯一一所市属公立三级甲等中西医结合医院。医院现有职工1268人，开放床位1000张，其中卫技人员1125人，中高级职称411人，博士、硕士99人，兼职教授33名、硕士生导师7名，温州市名中医3人、青年名中医1人，全国优秀中医临床人才1人，第五批全国老中医药专科学术经验继承人1人，新世纪551人才工程培养对象12人，国家级副主委2名，省级副主委6名，市级学会会长、副会长3人，市级主委7名。 医院座落在新的城市中心区，东依绣山公园，南傍市政府，西临惠民路，北靠锦绣路。为浙
宜春市人民医院,8,,http://yyk.familydoctor.com.cn/10873/,"该医院创建于1937年，是全市唯一的一所三级甲等综合医院。拥有病床600张，正高专业技术人员64人，副高专业技术人员135人，中级专业技术人员396人，博士1名,硕士26名。有享受政府特殊津贴的专家6人，宜春市学科带头人10人，31人获全市新世纪优秀卫技人才称号，10个专业学科被授予全市领先学科。能独立开展试管婴儿技术,体外循环下心内直视手术,心脏介入手术:冠脉造影及支架术、心脏起搏器安置术、射频消融术、二尖瓣球囊扩张术,腹腔镜下胆囊切除、胆总管切开取石、大肠肿瘤切除、卵巢肿瘤摘除、子宫切除等微创外科手术，支气管肺泡灌洗术，游离第二足趾再造拇指，骨髓移植术，断肢断指再植，肾移植术，袖式肺叶切除"
成都市妇女儿童中心医院,8,,http://yyk.familydoctor.com.cn/18304/, 一、医院基本情况 成都市妇女儿童中心医院是经成都市政府批准，在整合成都市第九人民医院、成都市妇产科医院、成都市妇幼保健院、成都市儿童医院医疗资源的基础上新建的一所集医疗、保健、科研、教学、培训为一体的、硬件设施居全国前列、医疗技术水平西部较高、专科设置西部最齐全的具有较强综合实力的三级甲等妇女儿童专科医疗与保健机构。 2011年7月16日挂牌为重庆医科大学非直管附属成都市妇女儿童中心医院，由此，以医疗为主的中心医院逐步成为医疗、教学、科研和预防保健并重的专科医院。 2011年12月通过国家三级甲等妇产科儿童专科医院评审; 2013年10月通过国家三级甲等妇产科儿童专科医院复核。 二、医院规模
湖南省儿童医院,8,感染科,http://yyk.familydoctor.com.cn/14273/, 湖南省儿童医院于1987年6月1日正式开院，坐落在古城长沙梓园路86号，占地82亩，1995年成为国内首批三级甲等综合型儿童专科医院。2013年至2015年全面贯行美国JCI国际认证管理标准。 医院现有编制床位1800张，在职职工1675人，临床专业科室36个，医技科室9个。儿科重症是国家临床重点专科，儿内科、外科、感染、康复和护理是新一轮省级临床重点专科，是湖南省儿童急救中心、省儿童脑瘫治疗康复中心、省青春期医学中心和省儿童眼视光弱视斜视防治中心、省儿科医疗质量控制中心、省儿童重症临床医疗技术研究中心挂靠单位。是中国医师协会儿科医师分会副会长单位、中华医学会耳鼻咽喉-头颈外科专业委员会小儿
中山大学附属第一医院黄埔院区,8,"耳鼻喉科,放射科,外一科,神经内科",http://yyk.familydoctor.com.cn/1631/,中山大学附属第一医院黄埔院区，是中山大学附属第一医院设在广州市黄埔区的一个院区，位于广州市黄埔区黄埔东路183号。黄埔院区目前是广州东部地区专业设置最齐全、设备最先进、设施最完善、规模最大，集医疗、教学、科研、预防、保健为一体，以骨科和创伤急救为重点的三级甲等综合性医院。黄埔院区是广州东部地区的医疗中心，承担着收治本区域疑难、危重症患者的任务。黄埔院区于1995年通过国家爱婴医院评审;1998年获全省“百家文明医院”称号，并连续多次被评为市、区先进单位;2002年成为广州市第一批医疗保险定点单位，并多次被评为医疗保险服务先进单位。2001年，时任广东省委书记、现任中共中央政治局常委李长春同志曾
新余市人民医院,8,"肿瘤内科,妇产科,肿瘤外科",http://yyk.familydoctor.com.cn/10655/,该医院有着70余年建院历史，是新余市唯一的集医疗、教学、科研为一体的大型综合性三级甲等医院。建筑面积33600多平方米，开放病床609张。现有职工750人，其中主任医师23人、副主任医师85人、中级技术职称人员325人，硕士研究生10名。有职能科室11个，临床科室25个，社区服务中心及传染病专科医院各一所。2005年初通过ISO9000国际标准质量管理体系认证。该医院具有较强的人才、技术、设备、管理、服务及环境等全方位优势。内科、外科的技术实力始终保持全市领先地位，并拥有骨科、脑外科、整形美容科、疼痛科、肿瘤科、口腔科等一批特色专科。引进开展介入技术、微创技术、放疗技术、准分子激光近视治疗技术
泸州医学院附属医院,8,"心血管内科,肾内科,神经外科,心胸外科,内分泌科,脊柱外科,血管外科,小儿外科,儿一科,呼吸内二科,神经内科,儿二科,感染呼吸科,感染消化科,检验科",http://yyk.familydoctor.com.cn/18441/, 西南医科大学附属医院位于四川省泸州市，服务于川滇黔渝四省市结合区域3800万群众。医院始建于1950年8月，现有编制床位2200张，设有临床、医技科室近60个，年门诊人次150余万，住院人次13余万，是四川省卫生和计生委员会直属医院，是集医疗、教学、科研、预防和康复为一体的综合性临床教学医院。是国家三级甲等医院、国家爱婴医院、卫计委国际紧急救援中心网络医院、四川十佳城市医院、文明医院、优秀附属医院。是国家卫计委脑卒中筛查与防治基地、全国全科医生规范化培养基地、国家卫计委内镜与微创医学普通外科培训基地、全国首批“临床医学硕士专业学位研究生培养模式改革试点”项目单位、教育部大学生校外实践教育基地
延安市人民医院,8,,http://yyk.familydoctor.com.cn/17164/, 延安市人民医院位于延安市七里铺大街，是一所集医疗、教学、科研、预防、保健、康复为一体的三级综合医院，隶属于延安市卫生局。属国有非盈利性医院。 医院占地面积39亩，医疗用房面积60000平方米。编制床位800张，实际开展床位1100张;拥有职工1375名，各类专业技术人员1182名，占全员的86%(其中高级职称131人，中级职称225人，研究生48人)。 医院共设置科室68个，其中行政后勤科室26个;临床科室32个;医技科室10个。临床科室有：急诊科、120急救站、骨科一病区(脊柱外科)、骨科二病区(关节外科)、骨科三病区(骨创伤科)、骨科四病区(手足外科/烧伤整形科)、妇产科一病区(妇科)、
三亚市人民医院,8,"心血管内科,消化内科,消化内科(内一科),妇产科,创伤显微手足外科,脊柱关节科,骨外科(外二科)",http://yyk.familydoctor.com.cn/3968/, 三亚市人民医院是三亚市政府属下唯一的一所综合性医院，集医疗、急救、预防、保健、教学、科研、康复为一体的三级综合性医院。下设“金鸡岭社区服务中心”和“亚龙湾急救站”2个社区。同时挂牌“海南省南部区域医疗中心”、“中山大学附属第一医院协作医院”和“汕头大学医学院附属三亚医院”。三亚市因其特殊的地理位置，医疗保健凸显重要，三亚市人民医院亦备受国内外各界的广泛关注。 [发展历程] 医院创建于1946年，前身为崖县崖城镇东的东关市医院。1954年4月成立崖县卫生院，同年8月，海南人民医院三亚分院合并入崖县卫生院，并更名为崖县人民医院，后随崖县人民政府，从崖城镇迁来今县城三亚镇;1984年6月，崖县撤县
济南市妇幼保健院,8,,http://yyk.familydoctor.com.cn/11226/,济南市妇幼保健院座落在泉城济南风景秀丽的千佛山下，趵突泉畔，创建于1951年，原为山东省妇幼保健院，1953年改为济南市妇幼保健院。经过半个世纪几代人的艰苦创业，从建院初期的48名职工，20间简陋平房，发展为现在基础设施完善、医疗设备先进、技术力量较强，集保健、预防、医疗、教学、科研、社区服务为一体的三级甲等妇幼保健院。现有在职职工634人，其中具有高级职称110人，硕士生导师13名，博士后、博士、硕士30名，在读博士、硕士37名;设有临床、保健、医技科室28个，职能部门8个。拥有数字X光机、大型彩超、B超，血细胞自动分析仪、全自动尿沉渣分析仪、钼靶X线乳腺机、骨密度测试仪、腹腔镜、宫腔镜、电
辽宁省盘锦市中心医院,8,"内分泌科二病区,普外科二病区,骨科四病区,儿科一病区,儿科二病区,耳鼻喉科门诊",http://yyk.familydoctor.com.cn/15044/, 盘锦市中心医院是由原市第一人民医院、市第二人民医院、市妇女儿童医院、市第六人民医院、辽河医院5所医院整合而成。医院占地面积20.25公顷，建筑面积18.8万平方米，是一所集医疗、教学、科研、保健、康复于一体，具有远程医疗功能的现代化、数字化、综合性的三级甲等医院。 中心医院开放床位2000张，标准病区51个，临床专业36个，临床科室63个，医技专业10个，医技科室17个。内、外、妇、儿等一批专业科室都具有较强的优势，其中十几个科室被市卫生局确定为盘锦市重点专科。一大批专业技术骨干担任着省、市医学专业委员会副主任委员、主任委员及委员职务。医院拥有包括3.0T核磁共振、DR、CR等数字化X线摄影
邯郸市中心医院,8,,http://yyk.familydoctor.com.cn/20141/, 1、建院时间及规模 我院于1946年10月建院，是王任重等老一辈无产阶级革命家亲手创建的红色医院，具有67年的历史，是一所集医疗、科研、教学、预防保健及康复、急救为一体的大型综合医院。医院分东、西两区。西区占地面积34897平方米，建筑面积85210平方米。实际开放床位1555张，全院科室设置99个，其中临床科室55个，医技科室15个，职能后勤科室29个。医院总资产14.92亿，固定资产9.12亿元。作为市重点项目和全市十大民生工程的医院东区，占地123亩，总投入10亿元，开放床位1369张。届时，“一院两区”总建筑面积将达到22万平方米，总资产20亿元，开放床位2900余张。医院目前拥有在
四川省妇幼保健院,8,儿童保健科,http://yyk.familydoctor.com.cn/18423/, 四川省妇幼保健院成立于1988年4月，1998年5月开展保健和临床业务工作，是一所集保健、临床、业务培训指导、应用科研为一体的省级医疗保健机构，系省卫生厅直属的非营利性事业单位。2003年增挂“四川省妇女儿童医院”。四川省妇幼健康研究所、四川省新生儿疾病筛查中心、四川省产前诊断中心、四川省围产保健重点学科(实验室)设于该院。是四川大学等大中专院校的教学实习基地、专科医师培训基地和成都中医药大学教学医院。中国妇女保健学会围产保健学组、四川省预防医学会妇幼保健专委会和四川省卫生信息学会妇幼卫生信息专委会挂靠该院。1999年被世界卫生组织、联合国儿童基金会、卫生部授予“爱婴医院”称号。2005年，
阜阳市人民医院,8,"心血管内科,神经内科",http://yyk.familydoctor.com.cn/9291/, 阜阳市人民医院建于1949年9月，是集医疗、教学、科研、急救、预防、保健和康复为一体的“三级甲等”综合性医院，国家级“爱婴医院”，是安徽医科大学临床学院和蚌埠医学院附属医院。 【人员结构】医院现有职工2031 人，其中副高职以上职称的专业技术人员185人，博士、硕士研究生186人。 【业务指标】医院编制床位1050张，实际开放床位1300张。2013年门诊量106.7万人次，出院病人5.66万余人次，手术2.1万余台次。 【学科建设】医院科室设置齐全，拥有临床科室29个，医技科室13个。骨科、妇产科是省“十二五”临床医学重点建设项目培育专科;康复医学科是省临床医学重点特色专科;骨科、妇产科、
重庆市开县人民医院,8,,http://yyk.familydoctor.com.cn/1611/, 重庆市开县人民医院始建于1940年，是一所与市级科研机构――重庆市三峡库区自然疫源性疾病临床防治研究所实行院所合一管理的大型综合性三级医院。现为重庆医科大学等三所医学院校教学医院，三峡医药高等专科学校非直属附属医院，重庆市住院医师规范化培训基地，是全县120急救中心。医院坐落在美丽的汉丰湖畔，位于开县县城商业中心地段，占地8.5万O，业务用房15.5万O，总资产7.9亿元，开放床位1500张。门急诊人次、住院人次、手术台次均位居重庆市区县医院前列。 专业队伍实力雄厚，现有职工1350人，其中高级职称116人，重庆市突出贡献中青年专家、优秀技术人才各1人，专业学科带头人18人，博士、硕士研究生
揭阳市人民医院,8,,http://yyk.familydoctor.com.cn/20260/," 揭阳市人民医院是一所集医疗、教学、科研、保健、康复、急救于一体的三级甲等综合医院，前身是1890年由美国人苏阿拿创建的教会医院--真理医馆，至今已经历了124个春秋，先后易名为”真理医院""、""揭阳县人民医院""、“揭阳市人民医院""。2013年10月成为中山大学非直属附属医院。 医院所在的揭阳市是粤东古邑，见诸史载已有2200余年，是广东省历史文化名城、著名侨乡，现辖榕城区、揭东区、蓝城区和空港经济区以及惠来、揭西两县、普宁华侨管理区、大南山华侨管理区，代管普宁市。全市陆地面积5240平方公里，人口约680万，市区人口近200万，是潮汕地区面积最大的地级市"
西安长安医院,8,"国际肿瘤中心,血液内科,皮肤科",http://yyk.familydoctor.com.cn/17241/, 长安医院地处西安市经济技术开发区，西安新城市中心，是一所由国家卫生部、商务部批准设置，经国家工商总局注册兴建的一所集医疗、科研、教学和健康保健为一体的中外合资三级甲等综合性医院。2002年9月开诊，展开床位1000余张。占地面积120亩，建筑面积8.6万平方米，总投资为10亿元人民币，其中医疗设备投资近4亿元，现有员工1300余名。经过10年时间的艰苦创业和全面建设，医院步入了健康快速发展的轨道。医院实行董事会领导下的总经理负责制，医院医疗团队实力雄厚，现有享受国务院特殊津贴的医疗专家、博士、硕士研究生60人，高级职称人员120人，中级职称人员200人。是陕西省、西安市职工医疗保险、新型农村
徐州市儿童医院,8,"急诊科,神经内一科,神经内二科",http://yyk.familydoctor.com.cn/7336/, 徐州市儿童医院成立于1980年，是徐州医学院附属儿童医院，是上海儿童医学中心心血管病诊疗协作基地，是苏北地区唯一的、淮海经济区规模最大、技术力量最强，集医、教、研、防为一体的三级儿童专科医院。医院占地总面积2.34万平方米，建筑总面积5.5万平方米，编制床位900张，职工1499人，其中正副高职称117人，硕士生导师3名，博士15人，硕士92人。设置医疗科室32个;医技科室 9个;职能科室25个。2014年门诊量110万余人次，出院病人数近59815人次，年手术量6697人次。 新生儿外科、急诊医学科和新生儿内科为省级临床重点专科。医院儿内科、儿外科、重症医学科、康复科为徐州市临床重点专科。
郴州市第一人民医院,8,肛肠外科,http://yyk.familydoctor.com.cn/14388/,郴州市第一人民医院是一所已有百年建院历史的国家三级甲等综合医院，是郴州市的医疗急救、医学康复、科研教学中心。市政府依托医院成立了郴州市紧急救援中心和产前诊断中心。郴州市第一人民医院先后与上海市第一人民医院和广州市儿童医院建立了协作共建关系，并作为国家本科医学院校的临床教学基地设为南方医科大学附属郴州医院、南华大学教学医院和湘南学院附属第一医院，设有医学硕士研究生点。2006年医院实行集团化管理，分设中心医院、南院和北院(儿童医院)三个医疗区。全院总资产6.8亿元，开放床位1410张，在职职工2000人，高级职称专家266名，硕士研究生导师9名，其中医学博士13名、硕士83名。中心医院医疗区位于
淮安市妇幼保健院,8,"妇科,新生儿医学中心,小儿外科,产科,妇女保健科",http://yyk.familydoctor.com.cn/6161/, 淮安市妇幼保健院创建于1958年，是淮安地区唯一的三级甲等妇幼保健机构，承担着淮安市及周边地区妇幼保健、医疗、科研、教学和新技术推广工作;先后成为淮安市医学遗传中心、淮安市新生儿重症监护中心、淮安市儿童哮喘病防治中心、江苏省新生儿疾病筛查中心淮安分中心、江苏省产前诊断中心淮安分中心、全国首家卫生部(现国家卫生和计划生育委员会)内镜与微创专业技术小儿科培训基地、中法妇女盆底康复技术培训中心、中华预防医学会授予的首批中国妇女盆底功能障碍防治技术培训中心、国家计生委(现国家卫生和计划生育委员会)授予的流产后关爱(PAC)优质服务示范医院、淮安地区唯一经江苏省卫生厅批准开展试管婴儿技术的医疗机构、扬
东阳市人民医院,8,,http://yyk.familydoctor.com.cn/8483/, 东阳市人民医院创建于1939年，是温州医学院附属医院(温州医学院附属东阳医院)，三级乙等综合性医院，国际紧急救援网络医院，浙江大学医学院附属第一医院、第二医院、邵逸夫医院、浙江省肿瘤医院、上海肿瘤医院、上海胸科医院的协作医院，台湾台中荣民总医院和台湾中国医药大学的合作医院，浙江中医药大学、宜春学院医学院等6所医学院校的教学医院。是全国医药卫生系统先进集体，全国百姓放心示范(百佳)医院，浙江省文明医院，金华市文明单位。 设院本部和巍山院区二个工作区。医院本部占地156亩，总建筑面积19万平方米，总资产9.7亿元，净资产7.39亿元。现有员工2100余人，其中副高以上职称225名，省市名医17人
昆明市儿童医院,8,,http://yyk.familydoctor.com.cn/19526/, 市儿童医院创建于1958年，是云南省唯一的一所集医疗、科研、教学、预防、保健、康复为一体的儿童医院。经过四十余年的不断完善和发展，现已成为一所学科齐全，拥有大量专业人才和先进医疗设备，技术先进的综合性儿童专科医院。 医院目前业务用地面积为8658平方米(约13亩)，业务用房面积1.88万平方米。现有职工484人，其中卫生技术人员399人，占职工总数的91％。编制床位300张，实际开放床位336张。 昆明市儿童医院现有职工484人，卫生技术人员399人，其中高级职称及硕士生导师以上专家72人，享受国务院特殊津贴人员1名，市级突出贡献优秀专业人员2人，市级学科带头人及后备人选4名，局级学术带头人
滨海县人民医院,8,神经外科,http://yyk.familydoctor.com.cn/6721/," 滨海县人民医院始建于1946年，是国家“二级甲等”综合性医院、“爱婴医院”、南通大学教学医院。2001年,还被卫生部国际紧急救援中心授予国际紧急救援中心网络医院。是一所集医疗、教学、科研、预防保健、康复为一体的综合性医院。 医院现编制床位600张，年门急诊56万余人次，收治住院病人2.8万余人次。院占地面积4.96万平方米，业务用房面积4.71万平方米.医院现有20余个临床科室(含心内科、新生儿科、普儿科、神经外科、妇产科、普外科、骨科、胸外科、泌尿外科、呼吸内科、肿瘤科、神经内科、麻醉科、重症医学科、急诊科、消化内科、肾脏内分泌科、传染科、口腔科、五官科、眼科、中医科、皮肤科、康复科等)，"
兰溪市人民医院,8,"普外科、肝胆胰外科,心内科,神经内科",http://yyk.familydoctor.com.cn/8349/, 兰溪市人民医院(浙医二院兰溪分院)创建于1931年，是集医疗，保健，科研，教学和急救为一体的综合性二级甲等医院。医院曾先后荣获“国家级爱婴医院”、“金华市文明单位”、“金华市诚信医院”、“省级绿色医院”、“省级平安医院”等荣誉。与省级各大医院联系密切，2013年与浙医二院签约，冠名为浙医二院兰溪分院。 医院分城西院区(新院)、城东院区，共占地200亩，核定床位600张，实际开放床位952张。医院设有35个临床学科，9个临床医技科室，23个病区，特色专科门诊40个。职工1170余名，其中高级职称148名，中级职称253名，医学硕士9名。浙江省优秀院长1名、浙江省医界新秀培养对象1名、金华市名医
嘉兴市妇幼保健院,8,"妇科,儿科,新生儿重症监护中心",http://yyk.familydoctor.com.cn/7798/, 嘉兴市妇幼保健院具有80多年的悠久历史，前身为建立于1932年的私立三一医院。目前是一所集医疗、保健、科研、教学为一体的三级甲等妇幼保健院，是嘉兴学院附属妇幼保健院和浙江省高等医学院校的教学医院。 医院占地面积100亩，建筑面积8.46万平方米，开放床位650张。2014年门急诊112万人次，出院病人4.38万余人次，年分娩量1.61万人次，完成手术1.47万台。截止2014年底，医院职工总数1076人，其中高级职称占卫技人员的17.5%。 【特色医疗】 医院学科优势突出，专业特色明显，在市内外享有较高的声誉。日前，中老年妇科疾病防治转化医学创新团队获嘉兴市“重点科技创新团队”称号。产科被确
萍乡市人民医院,8,肿瘤内科,http://yyk.familydoctor.com.cn/10494/, 萍乡市人民医院创立于1928/年，是萍乡地区由政府举办最早的公益性医疗机构，为萍乡市惟一的三级甲等综合医院，是南方医科大学附属萍乡医院，赣南医学院临床医学院。萍乡市眼耳鼻喉医院、萍乡市肿瘤医院、萍乡市口腔医院、萍乡市紧急救援中心落户本院，是本地区医疗、科研、教学、防保及康复中心。医院地处萍乡市区中心，繁华的广场路中段，综合门诊部设于跃进中路广场路口，北院位于安源中大道319、320国道交汇处，总占地面积218亩，有业务用房6万O，现开放病床812张，设22个病区，39个临床专业学科，19个医技科室，总资产2.6亿元(不含增值资产和无形资产)。 院内实现了“环境园林化，病房宾馆化”，病区优美整
广州医科大学荔湾医院,8,"妇产科,急诊科,骨科,心血管内科,神经内科,耳鼻喉科,内分泌科,普通外科",http://yyk.familydoctor.com.cn/561/, 广州医学院荔湾医院是荔湾区政府与广州医学院合作重组的一所集医疗、保健、教学、科研、社区卫生指导为一体的新型现代化综合性医院，是广东省高等医学院校教学医院，是广州市社会医疗保险定点单位及广州市“120”急救中心成员。 医院坐落在广州市中心城区，位于中山八路与荔湾路的交汇处，北邻流花湖，南傍荔湾湖，东接地铁一号线陈家祠站（约200米），西靠广州市西郊汽车站（约200米），环境优美，交通便利。医院建筑面积约4万平方米，综合医疗大楼22层（地下两层停车场），医院病房宽敞明亮、整洁舒适，布局优雅，设有独立卫生间，备有中心给氧、中心吸引和中央空调以及24小时热水供应等现代化设施。近年来，为满足患者对不同
新昌县人民医院,8,"儿科、新生儿科,心内科,神经外科,中医科,眼科,呼吸内科、老年病科,肿瘤内科,普外、肛肠外科",http://yyk.familydoctor.com.cn/8453/, 新昌县人民医院是一所环境优美、技术力量雄厚、医疗设备精良，服务品质优越的三级乙等综合性医院，集医疗、科研、教学、预防为一体，是温州医科大学、江西九江学院、绍兴文理学院教学医院，县急救中心、放射、临床检验、病理、护理、感染管理、病历书写、麻醉等质控中心设于该院，2014年6月由本院负责组建的城东分院(新昌县妇女儿童医院)建设完成并投入。 近年来，医院荣获了省级文明单位、省级文明医院、国家级爱婴医院、全国百姓放心示范医院、省级治安安全单位、省节约型公共机构示范单位、省级模范职工之家、省级百姓放心医院、省健康促进医院等荣誉，高分通过浙江省三级乙等综合性医院评审;多年来在“医院管理年”、“医疗质量万
绍兴市妇幼保健院,8,"妇科学科,超声医学,病理学科,不孕不育",http://yyk.familydoctor.com.cn/8307/, 绍兴市妇幼保健院是一所集医疗、保健、预防、康复、教学、科研为一体的三级甲等妇幼保健院，国家级爱婴医院，温州医科大学、浙江中医药大学、杭州师范大学、嘉兴学院、绍兴文理学院、衢州学院医学院等多家医学院校的教学医院、教学基地。医院占地面积42.5亩，建筑面积8.26万平方米，核定床位600张，现有在编职工783人，其中高级职称卫技人员182名，年门诊量近97万人次，年出院病人2.9万余人次，年分娩数近1.4万人次，年手术1万余人次。 医院学科优势突出，专业特色明显，绍兴市妇幼保健中心、市新生儿救护中心、市高危产妇筛查中心、市乳腺疾病防治中心、市产前诊断中心、市宫颈疾病诊治中心、市儿童生长发育中心均
庐江县人民医院,8,,http://yyk.familydoctor.com.cn/9441/, 庐江县人民医院位于安徽省合肥市庐江县文明中路，始建于1949年，是集医疗、急救、预防、保健、康复、教学于一体的现代化综合性医院，1994年被国家卫生部评定为巢湖市首家“二级甲等”医院，1995年获得安徽省首批“爱婴医院”称号。担负着全县以及毗邻地区200多万人口的医疗、预防、保健和康复服务工作，是全县农村新型合作医疗定点医院。医院已成为省内县市级医院综合效益好的医院之一，先后荣获第五、六、七届“省文明单位”、“省先进集体”、“省模范职工之家”、省“先进基层党组织”、省级、市级 “诚信医院”等殊荣20多项。 医院是安徽医科大学、蚌埠医学院教学医院，是庐江县农村合作医疗、城镇职工与居民医疗保险、
东莞市妇幼保健院,8,"儿科,妇科,产科,新生儿科,耳鼻喉头颈外科,皮肤科,PICU,神经电生化室,小儿血液专科,泌尿外科及骨科,过敏性鼻炎专科,产前诊断中心",http://yyk.familydoctor.com.cn/1489/, 始建于1951年，是一所集医疗、保健、科研、教学、基层指导为一体的三级甲等妇幼保健机构。医院占地面积100亩，建筑面积6.8万多平方米。拥有职工1000多人，其中高级职称87人，中级职称189人;设置了9个职能科室，临床一级科室达到20多个，多年来，形成了以产科、妇科、儿科、新生儿科为重点，以儿童康复科、耳鼻咽喉-头颈外科、小儿外科等为特色的妇幼专科体系，并先后成立了东莞市新生儿疾病筛查中心、新生儿听力筛查确诊中心、产前诊断中心、乳腺癌和宫颈癌防治技术指导中心、辅助生殖中心等五大中心，为全市妇女儿童的健康筑造了一道坚实的屏障;编制床位800张，实际开放550张;装备了价值2亿多元的各类医疗设
西安高新医院,8,,http://yyk.familydoctor.com.cn/17473/,西安高新医院位于西安高新技术产业开发区团结南路16号，是一所投资8亿元人民币，集医疗、保健、预防、科研为一体的国际化、标准化、综合性三级医院。医院占地面积60亩，总建筑面积6万平方米，采用欧式低层建筑风格，就医环境幽雅舒适，设有豪华商务套房，三间套房，两间套房、双人标准间和经济间；配备了饮食指导、营养保健等整套治疗康复系统，可满足不同客人的需求。医院为国际紧急救援中心网络医院，联合国工业发展组织《推进中国股份制医疗机构产业化发展》项目承担单位，国家人事部授予的博士后工作站，中国医师协会西北地区唯一的临床医疗中心，国家健康教育发展中心“生活方式疾病防”西安非药物治疗基地，西安涉外定点医院，西安1
北京市海淀区妇幼保健院,8,"新生儿科,产前筛查中心",http://yyk.familydoctor.com.cn/3058/,海淀区妇幼保健院座落于风景秀丽的万泉河畔，始建于1983年，建院十九年来，经过全院职工共同努力，已逐渐发展成为一所集预防、保健、临床、科研、教学于一体，具有相当规模的专业妇幼保健机构。承担着中关村科技园区224万常驻人口及近80万流动人口的妇幼保健任务，是全区妇幼保健技术指导中心和业务培训中心。海淀区妇幼保健院是海淀区唯一一所妇幼保健专科医院，承担着全区200多万常驻人口及70多万流动人口的妇幼保健工作，是全区妇幼保健业务指导中心和技术培训中心。承担海淀区政府职能的妇幼保健重点工作。 完成全区妇幼保健工作的各项目标，提高出生人口素质，降低孕产妇、围产儿、5岁以下儿童死亡率，控制出生缺陷的发生，
秦皇岛市妇幼保健院,8,"妇科,产科,儿科,乳腺科,生殖医学科,妇女保健科,儿童预防保健科,超声科,遗传优生科",http://yyk.familydoctor.com.cn/4163/,秦皇岛市妇幼保健院始建于1953年，目前已成为秦皇岛市唯一一所集保健、医疗、科研、教学、康复、预防于一体的三级甲等妇幼保健机构，担负着全市妇女、儿童的医疗保健及基层妇幼保健业务的指导、监督检查任务。目前是河北医科大学教学医院、华北煤炭医学院附属医院、首都儿科研究所协作医院、北京军区总医院附属八一儿童医院技术协作医院、北京国际宫腔镜培训中心秦皇岛分中心、河北省新生儿疾病筛查诊治分中心、河北省产前诊断分中心、秦皇岛市产前筛查中心、秦皇岛市乳腺疾病防治中心、秦皇岛市妇产科内分泌研究中心、河北省首批“模范爱婴医院”。医院占地面积45亩，总建筑面积6.1万平方米，开放床位600张，拥有固定资产4.3亿元
琼海市人民医院,8,"普通外科,泌尿外科,检验科",http://yyk.familydoctor.com.cn/4024/, 琼海市人民医院始建于1907年，其前身系美国基督教会创办的“嘉积福音医院”。历经几代人的艰苦奋斗，现已发展为一所环境优美，临床学科齐全，医疗设备先进，技术力量雄厚，以急诊急救专业为龙头，以危重病专业为重点，以微创技术为特色的综合医院。医院1993年通过国家二级甲等综合医院评审;1995年取得国家级“爱婴医院”;2009年11月海南省卫生厅批准医院加挂“海南省东部中心医院”名称;2010年10海南省卫生厅批准医院为三级综合医院;2012年12月通过了海南省“三级甲等”综合医院的评审，实现了医院历史性的新跨越。 医院是琼海市唯一的一家综合医院，“琼海市医疗急救中心”设在本院，医院承担海南省东部地
蚌埠市第一人民医院,8,"儿内科,普外科,泌尿外科,呼吸内科",http://yyk.familydoctor.com.cn/8915/, 蚌埠市第一人民医院始建于一九四九年，是蚌埠市建院最早的市级综合性医院，附设蚌埠市儿童医院，是一所集医疗、教学、科研、预防、保健、康复于一体的三级综合医院，东南大学医学院附属医院，蚌埠医学院附属医院、临床学院，先后被授予“全国百佳医院”、“全国卫生系统先进单位”、省市级“文明单位”、“诚信单位”、“创先争优先进单位”及“优质服务单位”等荣誉称号。 医院拥有床位840张，开放床位960张，职工1200人，年门急诊55万人次，出院病人3.4万人次。医院设45个临床医技科室，市级呼吸、消化、脑血管、免疫等市级疾病研究所设在该院，其中儿科为国家级“青年文明号”、“全国妇女创先争优先进集体”，儿科、消化
合肥市第二人民医院,8,"神经内科,消化内科,心血管内科,儿科,耳鼻咽喉科,骨科,血管外科,放射科,神经外科,检验科,医技科室,介入放射科",http://yyk.familydoctor.com.cn/9167/,合肥市第二人民医院位于和平路246号，是一所集医疗、教学、科研、预防、康复、急救等多项功能为一体的三级甲等医院。2005年安徽医科大学第四临床学院在我院挂牌，医院除承担正常的临床教学任务外，还承担安徽医科大学设在我院多个硕士培养点的带教任务。医院现有职工1千余人，其中高级卫技人员120多人，编制床位800张，年门急诊量40多万人次，年住院病人2万余人次。现有42个临床医技科室，其中包括一个省临床重点发展学科：血管外科；一个省临床特色专科：医学影像中心；三个市级重点学科：血管外科、医学影像中心、神经内科；一个市级重点扶持学科：肿瘤内科等多个省、市级重点学科。此外，医院还附设合肥市血管外科治疗中心
石家庄市第四医院,8,,http://yyk.familydoctor.com.cn/4174/, 石家庄市第四医院，位于中山东路206号，始建于1956年，现有床位305张，是河北省内最大的一所以妇科、产科、生殖医学、眼科为医疗专长、兼具综合医疗服务功能的“大专科小综合”特色医院。 医院设妇科、产科、健康生殖中心、眼病防治中心、内科、儿科、外科、皮肤科、耳鼻喉科、口腔科、中医科等11个临床科室。尤其在妇科、产科、生殖医学、眼科疾病的防治和临床处置方面，具有较强的人才、技术实力和设备优势。 近年来，医院以改革为动力，以适应市场为契机，通过内部培养、外部引进等多种形式，聚集了省内一流、国内具有较高声望的专家、教授为患者服务。产科专家范爱玲、杜瑞京、方芳、宋慧英，妇科专家李林锡、孟桂芳、白凤楼
汉中三二Ｏ一医院,8,"肾内科,肿瘤二科,呼吸内科,感染性疾病科",http://yyk.familydoctor.com.cn/17231/, 三二一医院隶属于中航工业医疗产业管理有限公司，始建建于1967年，位于陕西省历史文化名城汉中市，是一所集医疗、科研、教学、急救、康复和预防保健于一体的大型综合三级甲等医院。是西安交通大学医学院附属医院与全科医师临床实训定点医院，西安医学院、延安大学医学院、湖北医药学院、甘肃平凉医专、宝鸡职业技术学院等多所大中专医学院校本科教育和临床实习医院，医疗业务辐射陕、甘、川等毗邻地区。 医院现有职工1480余人，卫生技术人员占80%以上，其中正高职称43人，副高职称81人，中级职称356余人，硕士研究生80人，博士1人，在读硕士59人，博士7人。 医院医疗用建筑面积8万平方米，固定资产4.84亿元，
保定市第二医院,8,"口腔科,骨科,泌尿外科,神经内科,内分泌科,康复医学科,呼吸内科,肝胆外科,神经外科,心血管内科,血管外科,普通外科,消化内科,心脏外科,肾病科,重症医学科,药剂科",http://yyk.familydoctor.com.cn/20284/," 保定市第二医院始建于1920年，是我市一所学科齐全、设备先进、人才结构合理、集医疗、教学、科研、预防、保健和康复功能为一体的三级甲等综合医院。 医院位于保定市东风西路338号，现有建筑面积46800平方米，开放床位720张，设临床、医技科室55个，有职工1163人,其中卫生技术人员908人,副高职称以上155人,硕博士研究生130人；年接诊30余万人次，年收住院18000余人次。医院设有医疗专业49个，心脏外科、口腔科为河北省医学重点发展学科，心脏外科、心脏内科、口腔科为保定市医学重点学科，技术水平在保定市居领先地位，在省内有较高声誉。血管外科、肝胆外科、泌尿外科、骨科、神经内科、神经外科、"
澳洋医院,8,心血管内科,http://yyk.familydoctor.com.cn/10712/, ● 澳洋医院位于张家港市区南城区，风光秀美的暨阳湖畔。 ● 是张家港市第一家上规模的综合性民营医院，二级甲等医院，医院总占地100亩，总投资5.5亿元，建筑面积12.5万平方米，设置床位1100张，开设34个病区，设立临床科室26个、医技科室6个。 ● 2004年11月开工建设，2006年7月开张运营 ● 张家港医保、农保定点医院 ● 张家港120急救成员单位 ● 南京医科大学教学医院 ● 苏州大学教学医院 ● 江苏省心血管介入技术准入单位 ● 江苏省职业健康体检定点单位 ● 解放军第二军医大学协作医院 ● 学科带头人和技术骨干大部分来自全国各地三级医院 ● 超过40人次在各级医学学术团体任
杭州市肿瘤医院,8,,http://yyk.familydoctor.com.cn/20485/, 杭州市肿瘤医院始建于1959年，坐落于风景秀丽的吴山景区南麓，毗邻旖旎西湖，是按三级肿瘤专科医院标准建设和管理，融医疗、教学、科研、预防和社会保健于一体的浙江省区域专病中心。医院是杭州市癌症中心、杭州市肿瘤研究所、杭州市肿瘤防治办公室、杭州市肿瘤诊治质控中心的挂靠单位，杭州市癌症康复协会的会长单位，复旦大学附属肿瘤医院姐妹医院。 医院技术力量雄厚、学科设置齐全、仪器设备先进，环境温馨舒适。现开放床位580张，职工700余人。医院拥有国内著名肿瘤学专家马胜林教授、吴式L教授领衔的一批知名教授及学有专长、年富力强的中青年专家，包括高级职称100余名，博士生、硕士生导师15人，博士20余名，浙江省
太和县人民医院,8,"骨科,妇产科,普外科,神经内科,泌尿外科,心胸外科",http://yyk.familydoctor.com.cn/9299/, 太和县人民医院始建于1950年，现已发展成为医疗、急救、康复、保健、科研与教学于一体的三级综合医院，省文明医院、诚信医院，国际爱婴医院，太和县城镇职工基本医疗保险定点医院、新型农村合作医疗保险定点医院、白内障复明手术定点医院，准北职业技术学院教学医院，太和县120急救中心依托单位。2012年、2013年连年荣登“中国县级医院百强榜”，2014年医院作为全省首家县级医院正式晋升为三级综合医院。 医院现拥有南区、北区及五星三个院区，共占地面积二百亩，开放床位1600张，设立43个病区、32个临床学科、12个医技科室，ICU、CCU、NICU、NCU及RCU等重症加强监护病区5个。医院现拥有中高级
保定市第二中心医院,8,呼吸内科,http://yyk.familydoctor.com.cn/4455/, 保定市第二中心医院始建于1953年，地处涿州市，为保定市卫生局直属医院， 2011年7月，经河北省卫生厅批准，正式纳入三级医院管理，目前已发展成为一所集医疗、教学、科研、预防保健、急救、公共卫生应急处理为一体的综合性三级医院。自2008年新一轮医院评审启动以来，医院紧紧围绕医改中心任务，进行了积极探索和不懈努力。在工作推动中，医院以人性化精细管理为核心，以创建三级甲等医院为目标，创新管理思路，强化质量内涵，提升服务功能，优化发展环境，医院各项工作取得长足进步和发展。 一、医院规模 目前，医院占地面积114.8亩，医疗用地面积63.4亩，业务用房面积6.1万平方米。现医院共开设科室45个，开设
巢湖市第二人民医院,8,妇产科,http://yyk.familydoctor.com.cn/9431/, 医院始建于1952年，前身为安徽省第六康复医院(俗称三康医院)。1954年5月正式收治病员，收治对象为志愿军、解放军。当时医院有工作人员297人，设有门诊部及内、外、五官、口腔、助产、针灸、理疗X光室等科室。 1956年8月更名为安徽省慢性病医院。 1957年12月成立安徽省立第三医院。 1958年8月，省卫生厅决定将省立第三医院下放巢县，正式更名为“巢县人民医院”。 1984年1月，县级巢湖市成立，更名为“巢湖市人民医院”。 1995年3月，被安徽省卫生厅授予“二级甲等综合性医院”。 1999年7月，巢湖撤地设市，医院整体上划，更名为“巢湖市第二人民医院(正县级)”。 2011年8月，随着
淄博市妇幼保健院,8,生殖医学中心,http://yyk.familydoctor.com.cn/11358/, 淄博市妇幼保健院(又名淄博市第三医院)是一所集医疗、保健、教学、科研、预防、康复于一体的三级甲等妇幼保健院。医院编制床位 607 张，现有职工1130人，其中卫生专业技术人员983人，具有高级职称人员 145 人。产科、妇科、儿科、儿童保健科、新生儿科、生殖医学中心被评为淄博市卫生系统名科。8 名专业技术人员被评为淄博名医。淄博市产科专业、妇科专业、新生儿科专业、儿科重症医学专业、产前超声诊断专业等五个质量控制中心均设在我院。医院是山东省医科院附属医院、山东医学高等专科学校教学医院，潍坊医学院、滨州职业学院、万杰医学院实践教学医院。与上海市第一妇婴保健院成为合作单位。 医院先后荣获全国卫生系
深圳市宝安区松岗人民医院,8,"内科,骨科",http://yyk.familydoctor.com.cn/533/, 松岗人民医院位于深圳市宝安区松岗镇沙江路2号、107国道旁.是一所集医疗、预防、保健、康复为一体的全民所有制的综合医院，1998年经省卫生厅批准为二级医院。 基础设施：医院占地面积2.1万平方米，建筑面积3.5万平方米，开设病床250张。新门诊大楼搬迁后，可增设至400张床位。医院拥有美国GE螺旋CT、日本岛津500毫安X光机、美国GE彩色多普勒超声诊断仪、全自动生化分析仪、罗氏全自动电化学发光分析仪、全自动细菌培养仪、德国进口麻醉机、百级层流手术间等一批现代化医疗设备。 专业人才：全院现有职工481人（院本部374人），卫生技术人员412人，正高3人，副高38人，中级53人，博士1人，硕士
娄底市中心医院,8,,http://yyk.familydoctor.com.cn/14559/,娄底市中心医院始建于1978年，现有职工1200余人，其中副高以上专技人员170余人，中级专技人员400余人，博士2名，硕士以上学历者20余人，大专以上学历者700余人。医院开放病床702张，设有20个病区、50余个临床医技科室。近年来，共承担国家、省、地（市）级科研课题20多项，其中获省、地厅级科技进步奖14项，科技专利4项。医院现有固定资产近3亿元，拥有德国西门子16层螺旋CT、美国产永磁型磁共振仪等高、精、尖仪器设备500余台（件）。医院技术力量雄厚，骨外科、脊柱外科、耳鼻喉科、肝胆外科、妇产科、传染科为重点特色专科。同时，各科逐渐形成了自己的技术优势和专业特色，许多项目达省内或国内先进
建湖县人民医院,8,"肿瘤科,呼吸内科,心内科,消化内科,胸外科,检验科",http://yyk.familydoctor.com.cn/6769/, 建湖县人民医院始建于1948年5月，坐落于建湖县城，该县为全国县域经济竞争力百强县、国家沿海大开发中新崛起的新兴工商业城市，地处淮安、扬州交界，紧临盐城市区，交通发达，全县人口80万。医院为江苏省文明单位，2014年11月被江苏省卫计委确认为三级综合医院。 医院为南通大学附属建湖医院，扬州大学、徐州医学院教学医院，和上海中山医院联合成立疾病诊治中心、为江苏省人民医院技术支持医院，与苏北人民医院、上海第九人民医院、省肿瘤医院等建立了良好的长期协作关系。目前实际开放病床1000张，在岗职工1200人，其中，卫技人员982人，高级职称160人。年门诊量70余万人次，出院病人4.3万人次，手术1.2
文昌市人民医院,8,神经外科,http://yyk.familydoctor.com.cn/4011/, 文昌市人民医院(同济文昌医院)始建于1950年，是一所集医疗、急救、教学、预防、保健和康复为一体的二级甲等综合性医院，是华中科技大学同济医院托管医院，爱婴医院，海南医学院教学医院，中山大学附属第一医院及中日友好医院医疗技术帮扶医院，海南省县级医院综合改革试点医院，卫生部重点联系医院。 2014年11月28日，文昌市人民政府委托华中科技大学同济医学院附属同济医院托管文昌市人民医院正式启动，医院正式更名为文昌市人民医院(同济文昌医院)。 目前医院编制床位680张，现有职工752人，其中医生254人，博士研究生导师2人，主任医师8人，副主任医师46人;护理人员348人，副主任护师7人，主管护师57
重庆市南川区人民医院,8,"中医科,神经外科,病理科",http://yyk.familydoctor.com.cn/1384/, 南川区人民医院始建于1926年，其前身为南川红十字分会创办的中医第一社，经过几代南医人的艰苦奋斗，现已发展成为集医疗、教学、科研为一体的国家二级甲等综合医院。先后获批成为重庆市急救医疗中心南川分中心，重庆市精神卫生渝南分中心，重庆医科大学教学医院，重庆市住院医师规范化培训基地。 医院总占地面积114亩，建筑面积13.6万平方米，设有一个总院三个分院(妇儿分院、定安分院、隆化分院)，开放床位950张。现有职工1319人，其中专业技术人员1171人，高级职称97人，博士、硕士研究生以上学历46人，拥有区级学科带头人3 名，享受区级特殊人才津贴 16 人。设有临床科室29个，医技科室10个，其中妇
重庆市九龙坡区第一人民医院,8,,http://yyk.familydoctor.com.cn/661/, 重庆市九龙坡区第一人民医院是一所集医疗、科研、教学、预防、保健、康复为一体的国家二级甲等综合医院，是国家三级甲等综合医院创建单位、重庆市“十佳医院”、重庆医药高等专科学校附属医院、九龙坡区唯一的公立综合性医院。年门诊量50余万人次，年出院量2.5万余人次，年手术量6000余台次。 医院编制床位550张，开放床位800张，现有职工800多人。卫生技术人员700多人，其中正高13人，副高69人;博士3人;硕士45人。拥有区突出贡献专家5人，区名医5人，区学科带头人10人。临床一级学科20个，临床二级学科25个，全院50多个科室，形成了以胃肠胸外科、肝胆脑外科、骨科、泌尿外科、妇产科、儿科、肾内科
复旦大学附属中山医院青浦分院,8,"妇产科,眼科,皮肤科",http://yyk.familydoctor.com.cn/3279/, 上海市青浦区中心医院始创于1948年，前身为中国红十字会青浦分会医院，经过半个多世纪的艰苦创业，如今已成为青浦集医疗、教学、科研、预防于一体的综合性医院。 为了造福青浦人民，增强医院综合实力。2002年1月5日，青浦区卫生局与复旦大学附属中山医院共同组建复旦大学附属中山医院青浦分院、上海市青浦区中心医院。 新院座落于上海西区青浦镇，位于青浦新城区公园东路北侧，东临青浦区高级中学。医院占地64800平方米，建筑面积53000平方米，总投资为2.3亿元，是一所建筑格调高雅，既体现江南水乡特色，又具新世纪先进医学科技设施的花园式现代化医院。 数字化X射线摄影系统（DR机）、16排多层螺旋CT机、数
上海市曲阳医院,8,泌尿外科,http://yyk.familydoctor.com.cn/1532/, 上海曲阳医院坐落在国家级文明示范社区――上海市虹口区曲阳街道，始建于1989年4月，是一所集医疗、教学、科研、康复于一体的现代化综合性二级医院，经上海市医保局批准为医保定点医疗机构、离休干部医疗保健定点医院，其前身是上海市虹口区第一医院。 目前医院占地面积6800平方米，建筑面积12519平方米；核定床位200张；在职员工380人，在医护人员中副主任以上职称16人，中级职称72人，研究生学历6人，本科学历72人；年均收治门急诊病人30多万人次、出院病人4000多人次。医院设置临床医技科室30余个，临床实验室2个，被指定为上海市地铁抢险救灾医疗救护医院、上海市慈善基金会
邵阳市中心医院,8,,http://yyk.familydoctor.com.cn/13972/, 邵阳市中心医院始建于1946年7月，是湘西南最大的一所集医疗、教学、科研于一体的现代化综合医院。现开设病床615张，在职职工1015人，其中高级职称81名，中级技术人员298名，设有科室34个。1990年以来医院进入两个文明协调发展、两个效益同步增长的历史新时期。医院之所以能在短短几年内从“二甲”医院跃上“三甲”医院的新台阶，关键是有一个思想解放、团结奋进、善谋实干、勇于开拓的领导班子，率领全院职工团结拼搏和艰苦努力的结果。一、坚持办院方针，实施正确决策。医院的办院方针是：以社会效益为最高宗旨，以医疗质量为工作核心，充分发挥广大职工的聪明才智，为邵阳人民的健康事业服务，为社会主义现代化建设服
东莞市石龙博爱医院,8,"妇产科,儿科,预防保健科",http://yyk.familydoctor.com.cn/1506/,东莞市石龙博爱医院始建于一九五八年十月一日，经历届院领导和全体员工的共同努力，遵循“业精、明德、仁爱、济世”之院训，以务实的精神，根据大众健康所需，积极努力将医院建设成为具有一定规模、设备先进、技术水平迅速提高、技术力量日臻雄厚、学科较为齐全、集医疗、预防、保健、康复、教学、科研为一体的二级甲等综合性医院和广东省普通高等医学院校教学医院。近年来，医院先后被市委市政府授予“先进基层党组织”、“模范集体”、“文明单位”、“先进单位”、“青年文明岗”、“巾帼文明示范岗”、“园林式单位”，并被评为东莞市“文化建设达标单位”和定为市(东莞市卫生系统及石龙镇唯一一个)“爱国、守法、诚信、知礼”现代公民教育
青海省妇女儿童医院,8,,http://yyk.familydoctor.com.cn/17945/, 青海省妇女儿童医院位于高原古城西宁，是一所集医疗、教学、科研、急救、预防、康复为一体的综合性妇女儿童专科医院，其前身是青海省人民医院小儿科，1972年2月底成立省妇产儿童医院，2005年4月又更名为青海省妇女儿童医院。全院占地面积38亩，医疗建筑面积20700平方米。现有职工536名，其中高级专业技术人员67名，政府特殊津贴优秀专家6名，专业技术人员占全院职工总数的76.13%；医院设临床科室10个，医技科室6个，附设青海省儿童急救中心，青海省儿童口腔防治中心，青海省残疾儿童康复疗育中心，另设青海省儿科临床医学研究所，下设血液、免疫、儿外、新生儿、内分泌、遗传等6个研究室；是省教育厅、省卫生
广州妇女儿童医疗中心妇婴医院,8,产科,http://yyk.familydoctor.com.cn/535/,广州市妇婴医院（广州市妇幼保健院）是广州市妇女儿童医疗中心市妇婴医院暨市妇幼保健院院区。广州市妇女儿童医疗中心(以下简称“中心”)是一家由原广州市儿童医院和广州市妇幼保健院(广州市妇婴医院)整合而成的，并继续保留广州市妇幼保健院、广州市儿童医院和广州市妇婴医院院牌的市级副局级医疗机构。中心核定事业编制2533名，核定床位1358张;现有在职人员2210人，其中高级职称人员273人，硕士以上学历人员386人，博士和硕士生导师38人。现有固定资产4.743亿元。2008年以来，中心事业蒸蒸日上，各项业务指标连创历史新高。2008年、2009年，门急诊工作量分别为215万人次和220万人次;出院人数
海口市妇幼保健院,8,乳腺病科,http://yyk.familydoctor.com.cn/3938/," 医院坐落在美丽的热带岛屿滨海健康城市海南省海口市,占地面积1.68万平方米,建筑面积2.6万平方米,床位300张,是目前省内最具规模、现代化的妇女儿童医院，拥有一流的医疗设备,一流的生态环境,一流的服务流程,更拥有一批敬业、爱心、真诚为您服务的医务工作者。 阴道镜、螺旋CT、彩超、多普勒胎儿监护仪、自动尿液分析仪、微波治疗仪、多功能彩色超声诊断系统、乳腺诊断仪、多参数胎儿监护仪、婴儿急救呼吸机、胎心监护仪、除颤监护仪、麻醉机、全自动生化分析仪、胎儿脐血流图仪、妇科多功能电脑治疗仪、800mAX光机、流层手术间等"
杭州市妇幼保健院,8,"妇科,产科,生殖医学中心,产前诊断（筛查）中心",http://yyk.familydoctor.com.cn/7688/, 杭州市妇产科医院(杭州市妇幼保健院)是杭州市卫计委直属的集医疗、保健、教学、科研于一体的公立医院，按三级甲等专科医院的标准设计建造，地处钱江新城鲲鹏路369号，地铁近江站旁，近钱江新城核心区。是全杭州地区妇幼医疗保健管理指导中心，管辖杭州市区(县市)、乡镇、社区卫生服务站三级妇幼保健网络机构，现为杭州市高危孕产妇急救中心、杭州市产前诊断(筛查)中心、杭州市儿童听力诊断中心、杭州市围绝经期保健中心、杭州市妇女盆底功能障碍性疾病诊治中心、杭州市妇科内分泌疾病诊治中心，妇产科学为省市共建医学重点学科，妇科学、产科学、生殖医学和产前诊断学为杭州市医学重点学科。 医院是杭州市第一人民医院集团成员，整合
深圳市宝安区妇幼保健院,8,新生儿科,http://yyk.familydoctor.com.cn/518/,深圳市宝安区妇幼保健院创建于1986年，为宝安区卫生局直属的医疗保健机构，为深圳市社会医疗保险定点医院，是一所集医疗、保健、教学、科研、预防、康复等职能为一体的具有一定规模、功能齐全、设备先进、技术精湛、服务优良、富有特色的妇幼保健专科医院，担负着全区500多万人口的妇幼保健业务管理、技术指导以及妇科、产科、儿科、新生儿科等专科诊疗、危重症的抢救等任务。弘扬“团结、奉献、开拓、创新”的宝安妇幼精神，坚持“以保健为中心，保健与临床相结合”的办院方针，以妇产科、儿科为主干，以新生儿科、儿童心理行为听力保健、为技术尖端，生殖健康、儿童保健、妇女保健业务为专科强项的妇幼保健院。医院病床编制300张，其
东莞市樟木头人民医院,8,"内科,妇产科",http://yyk.familydoctor.com.cn/1670/,樟木头人民医院位于樟木头镇东城区仙河大道、莞惠公路旁，广深铁路在樟木头镇设有车站，医院占地面积6万多平方米。病床310张，职工500余人，其中高级职称68多人，中级职称60余人，是一所集医疗、教学、科研、预防、康复于一体的国营非营利性综合性医院，是东莞市社会医疗保险定点医院，是法定产科医院，是全镇唯一一家法定发放医学出生证的医疗机构，是广东省普通高等医学院校教学医院，是珠江三角洲经济发展区的知名医院。 医院科室齐全，设备先进，技术力量雄厚，拥有临床医技科室24个，有急诊科、ICU、内科、儿科、骨科、普外（含脑外、胸外、泌尿、烧伤等）、手外科、妇产科、麻醉科、五官科、口腔科、传染科、乙肝专科、乳
长兴县妇幼保健院,8,"产科,妇科,影像（放射超声）科",http://yyk.familydoctor.com.cn/8147/, 长兴县妇幼保健院是一家集医疗、保健、预防、教学、培训为一体的非营利性三级乙等妇幼专科医院，担负着全县妇幼卫生防治、健康教育、生殖健康、计划生育指导等工作。医院前身为长兴县妇幼保健站，创办于1953年，1985年改站建所，1993年改所建院，1998年被评为一级甲等妇幼保健院，2005年被评为二级甲等妇幼保健院，2012年成功晋级三级乙等妇幼保健院。全院干部职工在院领导班子的带领下，励精图治，与时俱进，先后获国家级爱婴医院、省级文明单位、省妇幼保健先进集体、省级平安医院、省级绿色医院、省级卫生先进单位、产科病区“全国女职工建功立业标兵岗”等荣誉称号。 医院占地面积17300平方米，建筑面积28
沈阳市妇婴医院,8,"产科门诊,新生儿病房",http://yyk.familydoctor.com.cn/14659/," 沈阳市妇婴医院始建于1933年，前身为英国人创办的基督教会医院，解放后由人民政府接管。历经八十年的发展变迁，由当初单纯的产科，发展成为目前以围产医学科、妇科、生殖医学科为三大支柱科系的集医疗、科研、教学为一体的现代化妇产科专科医院，是中国医科大学、辽宁中医药大学和沈阳医学院的教学医院，卫生部四级妇科内镜手术培训基地，辽宁省住院医师规范化培训基地。 作为沈阳市政府重点建设项目之一，沈阳市妇婴医院新址历经三年的精心建设，于2011年顺利竣工。2011年5月8日，沈阳市妇婴医院新址顺利开诊。医院新址占地面积18,454平方米，建筑面积67，901平方米，设置床位800张，开放床位600张。2011"
南宁市妇女儿童医院,8,"儿科,妇一科,产科,妇科门诊",http://yyk.familydoctor.com.cn/3189/,"南宁市妇幼保健院（南宁市妇女儿童医院），是副处级、全额拨款的事业单位，医院成立于1954年6月1日。是一所以保健为中心，专科特色突出的集保健、医疗、教学、科研、预防于一体，具有相当规模的专业妇幼保健机构，承担着南宁市""六城区""及""六县""634万人口中占三分之二妇女儿童的医疗保健任务，是全市妇幼保健技术指导中心和业务培训中心。医院总院地处友爱南路9号，分院位于民主路1-3号。医院占地总面积6110平方米，业务用房建筑面积...14145.44平方米。全院在职职工近400人，其中卫生技术人员300多人，其中，高级卫生人员40人。中级158人，医院现设医疗业务"
潍坊市人民医院,8,,http://yyk.familydoctor.com.cn/11512/, 潍坊市人民医院始建于1881年，前身为美国北美长老会所建，是山东省建立较早的医院之一，现已发展成为集医疗、教学、科研、防保为一体的综合性医院，担负着潍坊市908万人口及周边地区群众的医疗救治任务，是潍坊市的医疗技术指导中心。1992年率先通过了卫生部“三级甲等”医院评审，现为国家爱婴医院、国际救援网络医院、潍坊医学院非直属附属医院。 医院占地16.48万平方米，建筑面积23.01万平方米，目前开放床位1885张。2012年门诊量138万人次，出院病人6.18万人次，住院手术2.38万例。 医院现有在职员工2801名，其中副高级以上专业技术人员370名，博士、硕士研究生639名，市级专业技术拔
西安交通大学第一医院,8,"心血管内科,妇产科,泌尿外科,肿瘤内科,肝胆外科,骨科,中医科,肿瘤外科,内分泌内科,传染科,口腔科,血液内科,肾移植科,皮肤性病科,干4病区,脑血管科,药学部,心内二科-周围血管科,血管外科,重症医学科,PET-88,老年外科(干4病区),泌尿外科研究所,肝炎研究所,内分泌代谢疾病研究所,器官移植研究所,生殖医学科,临床研究中心,血液学研究中心,心血管研究所,体检部",http://yyk.familydoctor.com.cn/17347/," 西安交通大学医学院第一附属医院(原西安医科大学第一附属医院)是一所卫生部主管的大型综合性三级甲等医院。自1956年建院以来，坚持以精湛的医疗技术、严谨的治学态度、求实的科研作风和优秀的服务品质开展医疗、教学和科研工作，各项事业不断发展，开放床位达2300余张，医疗设施完善,设备先进,医疗技术和服务水平在西北地区居领先地位,是我国医疗卫生行业中广大患者信任的一所品牌医院。 医院现有高级技术职称专业技术人员400余名，其中2人为国家杰出青年基金获得者，5人获省部级突出贡献专家称号，12人享受国务院政府特殊津贴，6人获教育部新世纪优秀人才计划支持。医院学科设置齐全，泌尿外科(含肾移植科)为国家级重"
宣城市中心医院,8,"妇产科,心血管内科,骨科,神经外科,眼科",http://yyk.familydoctor.com.cn/9566/, 宣城中心医院成立于1949年，在党和政府的政策指引下，在几代宣医人的辛勤努力下，医院励精图治、开拓进取，始终围绕“以病人为中心”的服务宗旨，现已发展成为一所集医疗、预防、教学、科研于一体的大型公立三级综合医院。先后被评为 “国家爱婴医院”、“诚信医院”、“南京市心脏介入中心宣城分中心”、皖南医学院，安徽中医学院的教学医院、各类保险定点医院，并获得市 “巾帼文明号”、各类先进单位等称号。 医院建筑面积3万多平方米，开放床位600张，设有18个职能科室，病区19个，临床科室26个，医技科室10个，在职职工936人，其中中高级职称309人。医院年出院人次3万人，年门诊量40多万人次，年手术9000
宁海县妇幼保健院,8,,http://yyk.familydoctor.com.cn/8061/, 宁海县妇幼保健院，又名浙江大学医学院附属妇产科医院宁海分院。宁海县妇幼保健机构诞生于1956年，1986年建所，1996年改所建院，现已发展成为一家融医疗、保健、预防、教学、科研、培训于一体的三级乙等妇幼保健院，是全县妇女儿童的妇幼保健中心。医院占地约60亩，总建筑面积44156平方米，核定床位300张，年门诊量40余万人次，年出院病人1万余人次。医院现有职工537名，卫生专业技术人员456名，高级职称61名，中级113名，卫技人员占职工总数84.92%。2013年10月浙江大学医学院附属妇产科医院全面托管宁海县妇幼保健院，并成为浙江大学医学院附属妇产科医院宁海分院。 医院坚持“以保健为中心
常州市第六人民医院,8,"成人内科,外科,小儿外科,五官科,小儿心脏外科,儿科四病区,新生儿科,蛇伤专科,消化专科,儿内科",http://yyk.familydoctor.com.cn/7015/, 常州市儿童医院（第六人民医院），成立于1996年6月1日。位于常州东门秀丽的风景区，东近舣舟亭公园，西临红梅公园，与千年宝刹天宁古寺毗邻，新的门急诊大楼与文笔塔比肩而立。是南通大学附属常州儿童医院、苏州大学教学医院、上海新华医院常州会诊中心，承担着南通大学、苏州大学、徐州医学院、皖南医学院等医学院校的教学任务。现有职工429人，其中高级职称50人，中级职称122人，拥有一批省、市著名儿科专家，先后有两位专家享受“国务院特殊津贴”，6人分别进入“常州市卫生系统百名人才工程”和“青蓝工程”，15人担任省、市儿科等相关专业委员会委员及主任委员。共设7个病区，小儿心脏专科和新生儿科为市级重点专科。 
合肥市妇幼保健院,8,"新生儿科,中西结合女性不孕症专科,生殖健康科,超声科",http://yyk.familydoctor.com.cn/8893/," 合肥市妇幼保健院创建于1951年，是集医疗、保健、教学、科研为一体的""三级甲等妇幼保健院""，主要担负着合肥地区及省内各地的妇科病诊治、高危妊娠监 护、产妇分娩、计划生育与不孕不育、优生优育咨询、新生儿疾病治疗、乳腺病诊治及妇幼保健技术骨干的培训等任务。1994年通过国家级评估，成为全省首家 规模最大的国家级“爱婴医院”;2004年7月正式挂牌为安徽医科大学妇幼保健临床学院;2010年1月通过上级评审，成为全省首家“三级甲等妇幼保健 院”。医院曾被授予：全国三八红旗单位、全国计划生育工作先进单位、安徽省文明单位、合肥市三八红旗集体、合肥市文明单位、合肥市先进单位、合肥市卫生"
永康市妇幼保健院,8,,http://yyk.familydoctor.com.cn/8392/, 医院创建于1953年，前身为永康市妇幼保健所，于2002年6月1日撤所建院。是一所集医疗、保健、预防、科研、教学为一体的妇女儿童专科医院，浙江省三级乙等妇幼保健院、省级绿色医院、浙江省健康促进医院，浙江大学医学院附属儿童医院永康分院，浙江大学医学院附属妇产科医院协作医院，上海同济大学附属杨浦医院永康微创中心。是我市产前筛查中心、新生儿疾病筛查管理中心、婚前医学检查中心。承担着全市孕产妇保健、儿童保健系统管理和全市妇幼保健医疗业务技术指导和培训工作。 医院占地面积23000平方米，建筑面积36300平方米，有妇产科楼、儿科楼、保健行政楼三幢主楼和一幢附楼。 医院现有职工550余人，开放床位30
沧州市妇幼保健院,8,"产科,新生儿科",http://yyk.familydoctor.com.cn/4736/, 沧州市妇幼保健院是按国家三级甲等妇幼保健院标准建造，集预防、保健、教学、科研于一体的妇幼保健机构，担负着全市妇女、儿童的医疗保健及妇幼公共卫生管理职能，是全市妇幼保健业务指导中心，省管三级妇幼保健院，沧州医学高等专科学校附属妇幼保健院，首批国家级“爱婴医院”，首批国家支持 “市级妇幼保健院发展建设项目”，全国妇联“三优”教育基地，全国促进自然分娩示范医院，河北省新生儿疾病筛查诊治分中心、产前筛查分中心、产前诊断分中心，沧州市婚检中心，沧州市妇女儿童体检中心，沧州市降消项目医师培训进修基地，沧州市农村孕产妇住院分娩补助项目、城镇职工居民医保、生育保险、新农合定点医院。 医院占地30亩，建筑面积
上虞市妇幼保健院,8,"产科,新生儿科",http://yyk.familydoctor.com.cn/8374/, 沧州市妇幼保健院是按国家三级甲等妇幼保健院标准建造，集预防、保健、教学、科研于一体的妇幼保健机构，担负着全市妇女、儿童的医疗保健及妇幼公共卫生管理职能，是全市妇幼保健业务指导中心，省管三级妇幼保健院，沧州医学高等专科学校附属妇幼保健院，首批国家级“爱婴医院”，首批国家支持 “市级妇幼保健院发展建设项目”，全国妇联“三优”教育基地，全国促进自然分娩示范医院，河北省新生儿疾病筛查诊治分中心、产前筛查分中心、产前诊断分中心，沧州市婚检中心，沧州市妇女儿童体检中心，沧州市降消项目医师培训进修基地，沧州市农村孕产妇住院分娩补助项目、城镇职工居民医保、生育保险、新农合定点医院。 医院占地30亩，建筑面积
保定市第七医院,8,"产科,肿瘤科",http://yyk.familydoctor.com.cn/4460/, 保定第七医院，是一所大型综合医院，同时是“河北北方学院教学医院”“河北大学教学医院”“中国临床疼痛第七诊疗中心”。医院占地面积100亩， 13层现代化门诊住院综合楼、东西配楼、后勤楼、专家别墅区总建筑面积50000多平方米，开放床位700张，固定总资产达1.5亿元。开设专业临床科室25个，重点专业有心血管介入科、神经内科、肿瘤科、骨科、妇产科。专业技术人员500多人，其中专家教授40名，他们来自北京天津石家庄保定等三甲医院，博士及硕士研究生10名，中级技术人员45名，大学本科以上执业医师165名。大型医疗设备皆为国际高端仪器，其中包括千万元以上的设备飞利浦FD-20大C型臂血管造影机，飞利浦
霍邱县第一人民医院,8,儿科,http://yyk.familydoctor.com.cn/9506/, 霍邱县第一人民医院是一所集医疗、急救、科教为一体的二级甲等综合性医院、爱婴医院。编制床位700张，医院设置17个病区、15个医技科室，是全县高危孕产妇急救中心和突发性公共卫生事件定点收治医院。 近几年来，我院在县委县政府的坚强领导下，不断创新服务理念，创新管理机制，创新服务内涵，坚持“以人为本，一切以病人为中心”的服务理念，狠抓医疗核心制度的落实。扎实开展“医院管理年”、“医疗质量万里行”、“三好一满意”、“优质护理服务”和“全国百姓放心示范医院”创建活动，持续提高医疗技术水平和医疗保障能力，努力为全县人民提供优质、高效、安全、便捷的医疗服务，社会效益、经济效益显著提高。医院各项指标良行运转
金华市妇幼保健院,8,,http://yyk.familydoctor.com.cn/8337/, 金华市妇幼保健院位于市区青春路288号，分设江北总院和江南门诊部(江南兴学路28号)，是集预防、保健、医疗、科研为一体的二级甲等妇幼保健院，系上海市儿童医院指导医院、浙江大学医学院附属妇产科医院(浙江省妇女保健院)协作医院。 医院设有妇产科、妇保科、乳腺科、内科、中医科、男性科、儿科(新生儿科)、儿保科、口腔科等临床保健业务科室和影像诊断科、检验科、药剂科、病理科、听力诊断科等医技科室。金华市产前诊断中心、金华市产前筛查中心、金华市新生儿疾病筛查中心、金华市宫颈疾病诊治中心、国家“子宫颈癌的预防及癌前病变规范化诊断与治疗的推广”示范点等均设在本院，同时还负责全市9个县(市、区)妇幼保健技术指
马鞍山市妇幼保健院,8,"妇产一科,内科,儿科,体检中心,妇产二科",http://yyk.familydoctor.com.cn/9061/, 马鞍山市市立医疗集团市妇幼保健院暨市第二人民医院始建于1974年，经过四十多年的发展，现已成为一所集医疗、预防、保健、教学和科研为一体的具妇幼保健、妇产科和儿科专科特色的区域性综合医院，是全市三区三县妇幼保健和优生优育指导中心。 医院床位数350张，开设妇产科、儿科、内科、妇女保健科、儿童保健科、皮肤科、康复医疗科等20多个专业科室。医院在职职工520人(不含临检)，高级职称46人、中级职称116人、初级职称249人，其中卫生专业技术人员占83.5%;2013年医院年门诊量55万余人次;住院病人1万余人次;年手术近4000台次;年分娩人数近5000人，占全市70%以上，连续13年位居全市第一
苍南县第二人民医院,8,,http://yyk.familydoctor.com.cn/8052/, 苍南县第二人民医院是一所集医疗、教学、科研、预防保健为一体的二级甲等综合性医院，属全民事业编制。担负龙港及周边地区近70万群众的医疗卫生保健任务。是苍南县牙病防治中心、苍南县高血压病防治中心、“省级爱婴医院”、“市十佳医院”、“市绿色医院”、县交通事故绿色通道指定医疗单位、县医保、农保定点医院。2009年4月与上海交通大学附属第一人民医院成功合作成为其分院，2009年5月被温州医学院评审为温州医学院实习医院。 医院占地26.9亩，建筑面积30500平方米，占地面积18000平方米;有独立的住院大楼、门诊医技综合楼、急救中心、口腔中心、体检中心及行政楼;医院核定床位数495张，现有职工556人
哈尔滨市儿童医院,8,,http://yyk.familydoctor.com.cn/16284/, 哈尔滨市儿童医院创建于1955年，作为黑龙江省唯一一所三级甲等儿童专科医院，承担了黑龙江省及周边地区0D18岁儿童各种疾病的诊疗、急救、预防保健、康复、健康教育等工作。儿童医院现有编制床位900张，33个专业和临床科室，22个医技科室。以儿内科、儿外科(含眼科、耳鼻喉科)、急诊急救为主体，以语言治疗中心、青春期门诊、听力筛查诊治科等一系列科室为特色。 现有2个省级质量控制中心，1个市级研究所，1个市级重点领军人才梯队学科，2个市级领军人才梯队学科。被授予“黑龙江省儿科急诊急救基地”、“中华放射学会东北三省儿科影像基地”称号。2009年，被授予“黑龙江省儿童医疗中心”称号。成立全国第三家、东北
冀中能源峰峰集团总医院,8,儿科,http://yyk.familydoctor.com.cn/20292/, 一、地理位置 总医院辖三个院区，南院区位于位于河北省邯郸市峰峰矿区鼓山南街2号(临水镇境内)，北院区位于峰峰矿区太中路1号(峰峰镇)，邯郸院区位于邯郸市丛台区滏河北大街28号，地理位置优越，交通便利。 二、历史沿革 1945年9月，八路军太行五分区军政委员会接收日军磁县炭矿医院，称为“峰峰利民煤矿医院”，接收日军六河沟炭矿病院，称为“六河沟煤矿医院”。1948年5月，两所医院合并，改称“峰峰煤业公司医院”。1949年9月，改称“峰峰矿务局医院”。1961年7月，改称“峰峰矿务局总医院”。1970年10月，改为“峰峰矿务局第一医院”。1995年6月，重新恢复“峰峰矿务局总医院”名称。2003年
奉化市妇幼保健院,8,"儿科,妇保科",http://yyk.familydoctor.com.cn/8031/, 奉化市妇幼保健院始建于1986年，2004年撤所建院，是一家集医疗、康复、预防、保健、科研、教育于一体的二级甲等妇幼保健院。是奉化市城镇职工基本医疗保险和新型农村合作医疗定点医疗机构，承担全市近20万妇女儿童的健康保健任务及全市计划生育、产科质量管理和技术指导工作。2012年成立的锦屏岳林街道社区卫生服务中心设于医院内，承担奉化城区约20万人的社区卫生服务工作及儿童的计划免疫接种。医院占地面积20000O，建筑面积12300O，绿化面积8800O，医院现有职工282人，其中中高级卫技人员60余人，年门诊人次20万人，住院病人2400人。医院拥有进口三维彩超、全自动生化分析仪、血气分析仪、血球
上海市嘉定区妇幼保健院,8,,http://yyk.familydoctor.com.cn/2708/,上海市嘉定区妇幼保健院位于科学卫星城嘉定镇中心，是一所集医疗、教学、科研、保健四位一体的二级甲等专科医院。医院创建于1950年，占地面积近1万平方米，医院固定资产总值1005余万元，现有职工242名，医技人员占全院总人数的81%，其中具有高级职称的10名，中级职称24名，拥有病房100张，拥有先进的妇科内窥镜设备等。年门诊量13.5万余人次，年住院病人3500余人次，年业务收入近2500万元。床位使用率平均100%多，最高时达130%。医院分保健部和临床部两部分。保健院负责全区妇女儿童的保健工作、计划生育技术指导和婚前检查等工作。临床部承担全区半数以上的妇女医疗工作。开展妇幼保健工作，取得了显
深圳市孙逸仙心血管医院,8,"心血管外科,冠心病外科治疗,外科婴幼儿先心病,病理科",http://yyk.familydoctor.com.cn/406/," 一九八五年孙中山先生的孙女孙穗芳向当时出访美国的前国家主席李先念建议，在深圳建立""孙逸仙心血管医院""，以此纪念孙中山先生，宣传孙中山先生的志愿和理想，扩大深圳在海外的影响，同时为祖国的医疗卫生事业做贡献。 经李先念主席批准，在原全国人大副委员长、民革中央主席朱学范的大力支持下，在国家计委、卫生部、深圳市委和深圳市政府的共同努力下，深圳市孙逸仙心血管医院于一九九二年十一月十二日孙中山先生诞辰纪念日正式开院。 李先念主席亲笔提写了""孙逸仙心血管医院""院名。原全国政协副主席、民革中央主席屈武为在医院院中的孙中山先生铜像提写碑文""伟大的革命先行者孙中"
深圳港龙医院,8,"妇产科,妇科,不孕不育专科,乳腺外科,产科,人流,不孕,输卵管,怀孕,引产,打胎,处女膜,霉菌阴道炎,人工流产,男性精液,宫颈糜烂",http://yyk.familydoctor.com.cn/20316/,深圳港龙妇产医院是由深圳市卫人委批准，按照国际知名妇产医院标准建设的是一家专业妇产医院。坐落于美丽的龙岗大道3012号，地铁三号线(龙岗线)吉祥站B出口正对大门。医院建筑面积近2万余平方米，累计投资近2.5亿元，科室齐全，集医疗、教学、科研、康复、预防于一体，配备有临床检验中心、医学影像诊断中心、标准层流净化手术室等10余个临床医技科室。全院医、护、技工作人员250余人，中高级职称比例约为30%以上。医院按照五星级酒店标准投资兴建，整体设计为高端欧式风格，门诊大楼、产科大楼、住院部等先进基础设施，开放床位100余张，所有病房按标准配置，并专设VIP病房。
辽宁省妇幼保健院,8,,http://yyk.familydoctor.com.cn/15562/, 辽宁省妇幼保健院暨辽宁省妇婴医院是一所集保健、医疗、教学、科研、预防于一体的非赢利性专科医院，承担着全省妇幼卫生监测、信息统计、业务指导、科研、专项技术培训和适宜技术推广等任务。 医院实施人性化管理，各项工作持续稳定向前发展。在上级主管部门的正确领导及社会各界的大力支持下，辽宁省妇幼保健院认真遵照“一法两纲”提出的目标与要求，始终坚持“以保健为中心，以保障生殖健康为目的，保健与临床相结合，面向群体，面向基层和预防为主”的妇幼卫生工作方针，倡导 “以服务对象为中心”的人性化服务理念，把科学管理贯穿到整个保健医疗的服务中。 作为省级妇幼保健机构，肩负着全省妇女儿童保健及两个系统的管理工作，我省妇
连云港市妇幼保健院,8,"产科,新生儿科,儿童保健科,生殖遗传科,儿童哮喘专科,妇科,儿童康复科",http://yyk.familydoctor.com.cn/20185/, 始建于1986年的连云港市妇幼保健院，是一所集保健、医疗、教学、科研为一体的三级甲等妇幼保健院，扬州大学医学院附属连云港市妇幼保健院，徐州医学院教学妇幼保健院，市中医药高职校、淮安卫校、赣州卫校实习基地。占地面积28亩，建筑面积2.6万平方米，拥有床位369张，全院在职职工618名，其中卫技人员500余名，高级职称93名，中级职称161名，硕士以上研究生人员47余名，省市重点人才30余名。2013年，实现业务收入1.8亿元，门急诊45万人次，出院1.6万人次，手术7496台次，分娩数6564例。其中分娩数在市直医院遥遥领先。 该院开设十个病区，一个训练中心，拥有16排螺旋CT、基因分析仪、荧
鞍山市妇儿医院,8,生殖中心,http://yyk.familydoctor.com.cn/14666/, 鞍山市妇儿医院创建于1986年，是以妇、产、儿科为主，集医疗、科研、教学、保健为一体的现代化新型医院。医院坚持一切以病人为中心的的办院理念，全院职工积极努力，团结务实，使之一跃成为鞍山市知名医院、大连医科大学非直属附属妇儿医院、辽宁省文明单位。医院现有二十个医疗科系，开放床位260张，职工总数人，其中：高级职称60多人，中级职称123人，享受政府津贴的高级医师4人，获鞍山市知名医生称号2人。医院被省、市批准6个医疗中心，即：省高级遗传病诊断中心、市妇科内窥镜治疗中心、市危重孕产妇转运中心、市新生儿急救监护中心及危重新生儿转运中心、市妇女保健综合指导中心，以及鞍山市高血压防治协作站，鞍山地区乳
武汉百佳妇产医院,8,"妇产科,妇科,新生儿科,月子会所,计划生育,不孕不育,妇科微创,计划生育科,医学美容科",http://yyk.familydoctor.com.cn/20335/, 武汉百佳妇产医院以JCI(国际医疗卫生机构认证联合委员会)标准为设计、建设、运营、管理标准，致力打造融医院(Hospital)的优质医疗服务、酒店(Hotel)式的星级人文服务和家(Home)的亲切温馨于一体的「3H」医院，可满足国内外客户的个性化服务需求。诊疗科目有：预防保健科、内科(心血管内科专业)、外科(普通外科专业)、妇产科(含产科专业)、妇女保健科、儿科(新生儿科专业)、儿童保健科、眼科、耳鼻咽喉科、口腔科、皮肤科、医疗美容科、急诊医学科、麻醉科、医学检验科、病理科、医学影像科(X线诊断专业、超声诊断专业、心电诊断专业)、中医科、中西医结合科。医院位于武汉市江岸区建设大道1091号
茂名市妇幼保健院,8,,http://yyk.familydoctor.com.cn/2605/, 茂名市妇幼保健院（茂名市妇女儿童医院）创建于1973年。经过三十多年的发展，现已成为防治结合，功能齐全，初具规模的地市级妇幼保健监测和业务技术指导中心。担负着对全市妇女儿童的临床医疗、保健、教学和科研的重任。是茂名地区首家被认可的“爱婴医院”和“二级甲等妇幼保健院”。 茂名市妇幼保健院现有正式职工200多人，其中高级专业技术人员20多人，中级专业技术人员40多人，业务用房建筑面积近万平方米，开放床位102张，设有妇科、产科、儿科、妇女保健科、儿童保健科、中医科等临床保健一、二级专科20多个，医技科室9个。拥有进口彩色B超、脐血流机、胎心监护仪、产科中央监护站、阴道镜、宫腔镜、腹腔镜、婴幼儿呼
惠阳市妇幼保健院,8,,http://yyk.familydoctor.com.cn/2405/, 广东省惠州市惠阳区妇幼保健院创建于1953年，前身是惠阳县妇幼保健所，1957年改称为惠阳县妇幼保健院，1994年随县改市命名为惠阳市妇幼保健院，她座落于惠州市五四路14号（步行街内），位于风景秀丽的惠州西湖畔。惠阳妇幼保健院是惠州市历史最悠久、规模最大、技术力量最雄厚、设备最先进的妇幼保健专科医院，是经国家评定的“一级甲等”妇幼保健院(相当于二级甲等综合医院)，是世界卫生组织、卫生部命名的“爱婴医院”，是惠州、惠阳确定的城镇职工基本医疗保险定点医疗机构。50多个春秋的创业，凝结着几代领导人的心血和全院干部、职工的辛勤劳动。 医院新任领导班子团结带领全院干部、职工，贯彻执行中共中央、国务院《
双流县妇幼保健院,8,急诊科,http://yyk.familydoctor.com.cn/18658/, 双流县妇幼保健院是国家“三级乙等”妇幼保健院，坐落于天地交通便利、风景秀丽、适宜人居的双流新城人口居住区腹心地带。 双流县幅员面积466平方公里，户籍人口约52万，辖6个镇6个街道。是全国“百强县”、四川天府新区核心区。 双流县妇幼保健院占地60多亩，首期建筑面积近2.5万平方米。有职工近400人，床位200张，是一所集医疗、保健、康复、教学(3所大学院校教学实习基地)、科研与培训于一体的规划科学、设计一流、布局人性、流程简化、四川一流、西部领先、体现科技与温馨并存的现代化妇幼保健院。“关爱女性，呵护新生”是医院的办院宗旨;“奋力打造四川一流、西部领先、全国知名的县级妇幼保健院”是医院的发展
深圳市龙华人民医院,8,"口腔科,产科,新生儿科,神经外科,急诊科,超声科",http://yyk.familydoctor.com.cn/662/, 深圳市龙华人民医院位于龙华建设东路，服务范围128平方公里，覆盖龙华、大浪、民治三个街道及周边地区，服务人口约180万。占地面积5万O，建筑面积7万O，业务用房面积6万O。编制床位600张、开放床位700张。按三级医院规模运作的集临床、教学、科研为一体的公立医院。 现有职工1366人。卫生技术人员1176人，高级职称138人，中级职称232人，医学博士10人，医学硕士18人。 设有内科、普外、脑外、骨外、手外、妇科、产科、儿科、新生儿科、急诊科、口腔医学中心、层流手术室、中心ICU、体检中心等19个临床科室；超声科、放射科、检验科、病理科等5个医技科室；16个职能服务部门；22个社区健康服务
广州市海珠区妇幼保健院,8,,http://yyk.familydoctor.com.cn/879/,海珠区妇幼保健院的前身是由海珠区儿童医院和区妇幼保健所合并组建，原址南华中路263号地下及二楼，面积仅700平方米，成立初期，共有职工68人，门诊部设有儿科、中医科、西医可和妇幼科，住院部设妇产科床位21张。1990年全院有医疗技术人员88人，年门诊量14万人次，妇产科病床34张。由于房屋破旧，光线不足且空气污浊，三楼还有8户居民居住，很不适宜妇幼保健事业发展的要求。1991年3月25日区人大十二届二次会议提出和通过《关于新建一间区妇幼保健院的建议》；争取到香港港澳控股有限公司的1000万元港币捐赠款和海珠区人民政府万元的投资，于1992年5月在江南西杏园大街15号动工，1993年1月建成5层
邯郸市第二医院,8,,http://yyk.familydoctor.com.cn/4282/, 常年有北京专家坐诊合作医院： 北京宣武医院 北京安贞医院 北京同仁医院 北京协和医院 邯郸市第二医院始建于1956年，是一所集医疗、教学、急救、预防、保健、科研为一体的国家二级甲等综合性医院。现占地面积70余亩，共设36个临床医技科室，开放床位600张。全院共有医生、护士、职工700余人，其中主任医师、副主任医师等高年资深医师300余人，年门诊量在30万人次以上，年住、出院量达3万余人次，年手术量在1.5万余例。 近年来，邯郸市第二医院通过医疗资源优化组合，积极与“名院对接，与专家牵手”，采取“走出去，请进来”的办法，努力提高医疗服务水平，创建了四大中心、办出了两个特色、实现了一个领先，在软
仙居县妇幼保健院,8,,http://yyk.familydoctor.com.cn/8824/," 仙居县妇幼保健院前身为仙居县妇幼保健站，始建于1953年，1986年改“站”为“所”， 1991年撤“所”改“院”。1994 年被卫生部、联合国儿童基金会、世界卫生组织命名为“爱婴医院”,2005年6月增挂了“仙居县妇女儿童医院”第二名称牌子。医院坚持以“ 以病人为中心，以质量为核心，以特色为优势 ”的办院方针，经过60多年的奋斗历程，走出了一条从无到有、由小到大、由弱到强的坚实之路。现已发展成为一所集医疗、保健、预防、科研、教学为一体的二级甲等妇幼保健院(全市仅有2家)，是浙江省妇保院、浙江省儿童医院、台州市第一人民医院的协作医院，是我县医保定点医院、免费婚检定点医院、定点接产单位、县新生"
江山市妇幼保健院,8,,http://yyk.familydoctor.com.cn/8474/, 江山市妇幼保健院是一所集医疗、教学、科研、预防保健于一体的专科非营利性公立医疗机构。江山市新生儿、孕产妇急救中心均设在江山市妇幼保健院。医院一直遵循“以保健为中心，保健与临床相结合，面向基层，面向群体”的工作方针，坚持“以病人为中心，以质量为核心”，努力为社会群众提供优质的医疗保健服务。医院是中英妇幼保健合作项目单位，被联合国儿童基金会、世界卫生组织和国家卫生部授予“爱婴医院”称号。是全市婚检定点单位，孕产妇艾滋病筛查定点机构。2003年与浙江省妇产科医院结为协作医院，2006年被浙江省卫生厅评为“二级乙等”妇幼保健院。2010年与衢州市人民医院结为帮扶医院。2012年被浙江省卫生厅评为“二
青岛市妇女儿童医疗保健中心,8,,http://yyk.familydoctor.com.cn/11148/," 青岛妇女儿童医院，为青岛大学附属青岛妇女儿童医院,原名青岛市妇女儿童医疗保健中心，由青岛市妇产医院、青岛市儿童医院、青岛市妇幼保健所、青岛市计划生育科研所合并而成，目前拥有三个院区，是一所专业特色突出，医疗设备先进，医疗、保健、康复、科研、教学全面发展的三级甲等医院。 医院占地面积123.2亩,总建筑面积16.2万平方米,编制床位1200张，年门急诊量160万人次，出院5万人次，手术量2万余例，年分娩量1.2万例以上。全院现有职工1682人，其中国务院特贴专家4人，省市突出贡献专家7人，博士生导师6人，硕士生导师29人，正高47人，副高95人。 医院分设三个院区：辽阳路院区位于青岛市东部市区"
宿州市立医院,8,"肿瘤外科,心血管内科一病区",http://yyk.familydoctor.com.cn/9392/, 安徽省宿州市立医院始建于1913 年，其前身是美国基督教会创办的民爱医院，建院已有百年历史。2012年元月晋升三级甲等综合医院，2013年通过原国家卫生部三级综合医院复审，是目前宿州规模最大的集医疗、教学、科研、预防、保健和急救为一体的三级甲等综合医院，是宿州市城镇职工、城镇居民、新农合及安徽省工伤康复定点医院。 长期以来，医院通过与省内外高等院校和医疗机构间的交流合作，构建了分层次、多方位的医疗协作网络，现为安徽医科大学附属宿州医院、蚌埠医学院教学医院，安徽省立医院区域医疗中心网络医院，上海长海医院宿州协作医院、徐州医学院附院宿州协作医院。 “十二五”以来，根据国家卫生事业发展规划，为快速
崇州市妇幼保健院,8,,http://yyk.familydoctor.com.cn/18599/, 崇州市妇幼保健院位于崇州市崇阳镇永康东路，始建于1953年。经过60余年几代妇幼人的努力，成为一所集我市妇产科、儿科、妇幼保健、康复、急救、培训、科研为一体的三级乙等妇女儿童医疗保健机构 。1994年被评为“爱婴医院”，1998年在成都市首家建成“一级甲等”妇幼保健院，2004年创建成“二级甲等”妇幼保健院，2011年12月成为四川省第一家县级“三级乙等”妇幼保健院。 “5.12”特大地震后，崇州市妇幼保健院由重庆市政府投资4500万元异地重建，2010年9月，新落成的医院占地43亩，建筑面积1.2万平方米，设置有门诊部、住院部、预防保健部。医院拥有实时四维彩超、宫腔镜、腹腔镜、全自动生化分
绩溪县妇幼保健所,8,,http://yyk.familydoctor.com.cn/9642/, 绩溪县妇幼保健所位于河滨北路45号，业务用房面积1600多平方米。保健所现有职工36人，其中业务人员32人，全部大中专院校毕业，副高职称以上4人，中级职称15人。 绩溪县妇幼保健所是全县妇幼保健工作技术指导中心，所内设有妇保科、妇产科、分娩室、手术室、儿保科、儿科、婴儿洗澡室、健康宣教科、孕妇学校、咨询门诊、检验科、皮肤病科、药房、培训中心等业务科室，并有大型设备：B超、红外乳腺诊断仪、数码电子阴道镜、围产期保健仪、产后康复保健仪、胎心监护仪、微波治疗仪、心电图等。多年来开展平产接生、剖宫产、妇科病查治、妇科手术、儿童常见病多发病治疗，所内医疗安全警钟长鸣，全县连续9年无孕产妇死亡。 妇保科
惠州市妇幼保健院,8,新生儿科,http://yyk.familydoctor.com.cn/2210/, 惠州市妇幼保健院是惠州市唯一一所二级甲等保健院，是非营利性公立医疗保健机构，隶属惠城区政府。下设中山南门诊、江北院区。1994年被卫生部授予“爱婴医院”称号，1998年晋升为一级甲等妇幼保健院。2006年11月晋升为二级甲等妇幼保健院。2006年妇产科护理组荣获“省优秀护理集体”称号。 本院被中华人民共和国卫生部评为二级甲等保健院 惠州市妇幼保健院的前身是1974年3月成立的惠州镇妇幼保健站。40多年的发展变迁，始终坚持“以保健为中心，以保障生殖健康为目的，保健与临床相结合，面向基层，面向群体和以预防为主”的办院方针，坚持“母亲安全、儿童优先”的服务宗旨，秉承“拼搏、奉献、开拓、进取”的院训
上海市松江区妇幼保健院,8,,http://yyk.familydoctor.com.cn/3224/,松江区妇幼保健院成立于1984年，座落在松江区松江镇乐都路，交通十分方便，医院承担着全区五十万人口的妇女、儿童的预防保健和救治工作。 医院建筑面积3900平方米，核定床位数86张，医护职工184人，其中高中级职称34人，就医环境舒适，门诊和病房均设有空调，15套宾馆式家庭病房满足了不同消费者的需求。 医院专科分类齐全，主要有产科、妇科、儿科、内科、乳腺科、皮肤性病科和预防保健科。
惠阳三和医院,8,,http://yyk.familydoctor.com.cn/2425/,惠阳三和医院创建于1993年。 上世纪90年代初，在我国改革开放的浪潮中，惠阳县委、县政府和惠阳人勇立潮头，率先创建了广东省首家民营医院――惠阳三和医院。此举为改革和优化医疗结构，充分利用民间资本来促进公共卫生事业发展起到示范性作用，这在惠阳卫生事业发展史上无疑是浓彩重墨的一笔。 建院以来，三和医院坚持“严谨行医、诚信办院”的宗旨，在上级卫生主管部门的领导及指导下，高标准地执行国家各项卫生管理法律法规和诊疗规范。在惠阳，三和医院最早实行“无假日医院”；最早引入彩超等大型设备；最早推行“以人为本”、“以病人为中心”的优质服务理念，全心全意为惠阳人民的健康服务，得到了惠州、
佛山市南海区妇幼保健院,8,小儿神经康复中心,http://yyk.familydoctor.com.cn/1209/, 佛山市南海区妇幼保健院是广州中医药大学附属南海妇产儿童医院，于1999年由南海区政府投资兴建，集保健、医疗、预防、科研、教学于一体，是三级甲等妇幼保健院。医院座落于南海区中心位置，占地面积40亩，建筑面积46743平方米，主体建筑大楼包括门诊楼、住院部和母婴保健大楼。现有员工近700人，高中级职称约240人，博士、硕士生近50人。其中：教授14人，副教授19人;博士生导师2人，硕士生导师11人;国家优秀中青年专家1人，全国劳动模范、享受国家特殊津贴1人，广东省名中医1人、南海名西医3人。实际开放床位达350张，年分娩量6000多人次。设有妇科、产科、儿科、小儿神经康复科、新生儿科、外科、中医
山西省儿童医院,8,"妇保科,新生儿科,妇女保健科",http://yyk.familydoctor.com.cn/4923/," 山西省儿童医院、妇幼保健院建于1947年。现编制床位800张、实际开放床位860张，最高时达1100张。现有职工2035名,在编职工1172名、其中300余名博、硕士生、高级职称人员300名、5名山西名医、40名省级名优专家和9名享受国务院政府特殊津贴者。年门诊量100万人次、年出院4.6万人次、年手术1.3万人次、保健服务35万人次,是为全省2300万妇女儿童提供全方位、多层次医疗、保健、预防、康复技术服务的三级甲等省级医院,也是山西医科大学附属医院，开展本科、硕士研究生教学、科研工作。 医院拥有1.5T核磁共振、16排螺旋CT、钼靶乳腺X光机、心血管造影机、数字胃肠机、 数字化X线拍片系"
珠海妇幼保健院,8,遗传研究所,http://yyk.familydoctor.com.cn/1477/, 珠海市妇幼保健院是一所集医疗、保健、科研、教学、预防和康复为一体的现代化专科医院，是首批获得世界卫生组织、联合国基金会授予的“爱婴医院”，并破格成为全国地市级第一家“三级甲等妇幼保健院”。获得过“全国卫生系统先进集体”、“广东省百家文明医院”、“省文明单位”等光荣称号。 医院占地面积18853M，现有床位221张。截止到2002年底，在职职工343人，其中高级职称37人，中级职称100人。设置了儿保科、妇保科、妇科、产科、新生儿科、儿内科、儿外科、成人外科、内科等重点临床、保健科室。院内设珠海市遗传优生研究所、珠海市新生儿重症监护中心、生殖中心、儿童康复中心、准分子激光近视治疗部、重症孕产妇
临安市妇幼保健所,8,,http://yyk.familydoctor.com.cn/8025/, 临安市妇幼保健所座落在锦城街道江南路25号，占地面积3.8亩。在编职工40人，其中卫技人员35人，占88%，中高级职称18人。主要职能是为全市妇女儿童提供预防保健等公共卫生服务，对基层医疗保健机构开展业务指导，负责指导和开展妇幼保健健康教育与健康促进工作，以及相关的基本医疗服务。配有日本ALOKA-a5彩色多普勒超声诊断仪、日本福田UF-850XTD型多普勒超声诊断仪、开立S6便携式彩超、韩国麦迪逊彩超、日本东芝TBA-40FR全自动生化分析仪、美国耳声发射听力筛查仪、美国伟伦视力筛查仪、胎儿监护仪、宫颈聚焦超声治疗仪、微波治疗仪、红外线乳房检查仪、心电图仪等仪器设备。现年门诊服务人次达14
遵义医学院附属医院,8,"整形烧伤外科,新生儿科,心血管内科,小儿普胸泌外科,小儿矫形外科",http://yyk.familydoctor.com.cn/19223/, 遵义医学院附属医院坐落在历史文化名城遵义市，前身是辽宁省大连医学院附属医院，1969年5月南迁遵义更名为遵义医学院附属医院(简称遵医附院)。遵医附院作为省直属三级甲等综合医院，医疗辐射黔北地区、毕节市及铜仁市大部分地区以及毗邻的重庆、贵阳部分县区，总服务人口约1200余万，是贵州省区域医疗中心之一。目前，医院开放床位2800张，日门诊量逾8000人次，业务量居省内单体医院之首。 医院现有2个院区，占地面积227亩，建筑面积约19万平方米。设有18个部(处)、44个临床科室、14个医技科室。现有职工2960人，其中高级技术人才596人，博士70人，博士后4人，硕士生导师178人，国家卫计委突出
桂林第二人民医院,8,,http://yyk.familydoctor.com.cn/3346/, 桂林市第二人民医院坐落在风景秀丽的叠彩山脚下，依傍桂林母亲河美丽的漓江。是一所集医疗、预防、保健、科研与教学为一体的三级甲等综合医院，是桂北地区唯一的职业病防治院、桂林市中毒救治中心、广西高等医学院校A级教学医院、桂林医学院第二临床学院，广西全科医师教育培训基地、中华健康快车白内障治疗中心、中华健康快车糖尿病视网膜病变筛查防治中心，德国西海岸海德医院合作医院、中南大学湘雅二医院结对帮扶医院。 医院始建于1916年10月，初为教会医院，称桂林市浸信会医院;1949年2月改名为桂林市浸信会锡安医院;1951年7月由桂林市人民政府接管，改名为桂林市工人医院;1985年5月更名为桂林市第二人民医院。
乌鲁木齐市妇幼保健院,8,,http://yyk.familydoctor.com.cn/18189/, 乌鲁木齐市妇幼保健院始建于1953年，2003年挂牌乌鲁木齐市妇产医院。乌鲁木齐市妇产医院（市妇幼保健院）是目前新疆境内规模最大，专科特色最突出的三级专科医院，由门诊部、住院部、保健部，医技部、后勤部、管理部组成， 我们的目标：一流环境，一流设施、一流装备、一流技术，一流服务 我们的宗旨：服务婴儿，服务儿童、服务母亲、服务社区，服务大众 我们的承诺：儿童优先，母亲安全、快捷便利、关怀体贴，服务至上 彩超、全自动生化分析仪、宫腔镜、腹腔镜、电化学发光免疫分析仪、全自动血球计数仪、500mAX光机
莱芜市妇幼保健院,8,,http://yyk.familydoctor.com.cn/11828/, 莱芜市妇幼保健院始建于1953年，是一所集妇幼保健、生殖健康、优生优育、医疗、预防、康复、教学、科研于一体的“三甲妇幼保健机构”，山东省妇幼保健院合作医院，山大齐鲁儿童医院合作医院，是国家级爱婴医院、泰山医学院实践教学医院，山东省超声学会莱芜彩超会诊点，市妇科微创手术专科，市计划生育技术指导中心，市产前筛查诊断、新生儿疾病及听力筛查中心。拥有德国螺旋计算机横断体层摄影、数字成像摄影、腹腔镜、宫腔镜、乳腺钼钯机，进口高档彩超10台、全自动生化分析仪、呼吸机，孕产妇及新生儿重症监护系统等先进医疗设备。 设有保健、临床、医技等40个科室，10个病区，并配有产科、新生儿科、儿科重症监护病房，开放床位
重庆市綦江区人民医院,8,,http://yyk.familydoctor.com.cn/20266/, 重庆医科大学附属第一医院綦江医院、重庆市綦江区人民医院座落在美丽的綦江河畔。建院于1940年，历经70余年的发展，现已建成为一所集医疗、教学、预防、保健、急救、科研为一体的二级甲等综合性医院。医院积极与重庆医科大学附属第一医院、附属第二医院、附属口腔医院，第三军医大学新桥医院、大坪医院，川北医学院，遵义医药高专等开展教学合作，综合实力快速提升，业务范围覆盖綦江全区并辐射到邻近的贵州、巴南、江津、万盛等地，总服务人口超过200万。 医院占地面积76亩，建筑面积9.9万多平方米，编制床位800张，开放床位730张，(2013年，医院门急诊达35.12人次，住院3万余人次，手术9284台)在岗职工
常熟市中医院,8,内科,http://yyk.familydoctor.com.cn/10261/, 常熟市中医院（常熟市新区医院）位于市黄河路东端，2003年12月由原常熟市中医院和常熟市妇幼保健院合并重组，并于2004年下半年迁址于此。医院占地6.8万平方米（103亩），建筑面积5.8万平方米；主体建筑由15层住院大楼、4层门诊楼和2层急诊楼组成，辅以药剂（制剂）楼及后勤设施用房，总投资1.8亿元。 原常熟市中医院和市妇保院都曾有五十多年的发展历史，目前医院是一所具有较强医疗技术、教育和科研能力的、有中医特色和妇幼保健为一体的二级甲等医院，江苏省高校实习基地，南京中医药大学教学医院，卫生部国际救援中心认定的“国际紧急救援中心网络医院”及联合国儿童基金会和世界卫生组织命名的“爱婴医院”。医
海口眼科中心,8,,http://yyk.familydoctor.com.cn/3997/, 阴道镜、CT、彩超、多普勒胎儿监护仪、自动尿液分析仪、微波治疗仪、多功能彩色超声诊断系统、乳腺诊断仪、多参数胎儿监护仪、婴儿急救呼吸机、胎心监护仪、除颤监护仪、麻醉机
阳江市妇幼保健院,8,,http://yyk.familydoctor.com.cn/1767/, 邓康培
上海普陀区妇婴保健院,8,,http://yyk.familydoctor.com.cn/1197/," 普陀区妇婴保健院位于长寿路170号，医院具有近50年历史的区级专科医院，她的前身是已故国家名誉主席宋庆龄女士，在1952年以她荣获的""国际和平奖金""创建的市级妇产科医院""上海国际和平妇幼保健院""，1956年迁往徐家汇。同年10月经上海市卫生局批准在原址上创办了普陀区产院，1961年因普陀区妇幼保健所的并入，而更名为院所合一的普陀区妇婴保健院。 医院分临床部分和妇幼保健所。临床科室设有产科、妇科、乳腺科、高危新生儿科、计划生育科、中医妇科、生殖保健中心、医技辅助科室。主要承担生育保健、妇女病诊疗、新生儿诊疗等医疗任务。妇儿保健所主要承担全区妇女、儿童健康"
德庆县妇幼保健院,8,"妇科,产科,儿科,围产期保健中心",http://yyk.familydoctor.com.cn/2013/, 德庆县妇幼保健院依傍在西江边，创建于1951年，原为德庆县妇幼保健所，1996年升格为德庆 德庆县妇幼保健院 县妇幼保健院。经过半个世纪几代人的艰苦创业，从建院初期的12名职工，10间简陋平房，发展为现在基础设施完善，医疗设备先进、技术力量雄厚，集保健、预防、医疗、教学、科研、社区服务为一体的妇幼保健院。 德庆县妇幼保健院，德庆县高危孕产妇查中心，德庆县新生儿疾病筛查中心，德庆县听力筛查中心和低出生体重儿医疗护理中心，承担着德庆县的妇幼保健、优生优育等业务指导工作。 德庆县妇幼保健院历经50年的建设和发展，形成一支训练有素、技术精湛的医疗保健骨干队伍。全院在职职工98人，具有高级职称3人，中
龙川县妇幼保健院,8,,http://yyk.familydoctor.com.cn/2183/, 龙川县妇幼保健院创建于1952年，经50年的艰苦创业已成为我县集医疗、保健、科研为一体的综合服务指导中心。是国家卫生部授予的“爱婴医院”，广东省卫生厅授予的“妇幼卫生先进单位”及“百家文明医院”，是北京首都儿科研究所医疗科研协作医院，省保健院乳腺治疗中心的协作医院。该院为我们提供远程专家会诊服务，定期派出国内外著名专家、教授到我院坐诊。 目前设有住院部、门诊部、保健部、医技科等；临床科室有妇科、产科、新生儿科、小儿内科、小儿外科、医技科、药剂科；保健科室有妇保、儿保、妇女乳腺专科、性病、不孕不育、计划生育专科、儿童眼科。 各科室医疗设备较齐全：有B超、呼吸机、多参数心电监护仪、电脑胎儿监护仪
盐城市妇幼保健院,8,"产科,儿科,妇科,儿童保健科",http://yyk.familydoctor.com.cn/6289/,盐城市妇幼保健院创建于1986年，是一所设备先进、技术精湛、服务优良、环境舒适、集医疗、保健、教学、科研、培训为一体的，为全市广大妇女儿童服务的专科医院，是全市妇幼保健技术指导中心、新生儿疾病筛查中心、生殖医学中心、产前诊断中心。1993年10月在全省首批被国家卫生部、联合国儿童基金会和世界卫生组织授予“爱婴医院”光荣称号，1999年以来连年被评为省、市级“文明单位”。 医院现有职工425人，其中卫技人员351人，高级技术职称人员56名，中级技术职称人员120名，荟萃了一批知名专家，在全市乃至全省都享有较高声誉。开设的科室齐全，临床科室主要有妇科、产科、儿内科、儿外科、新生儿科、内科、外科、中
顺德区妇幼保健院,8,,http://yyk.familydoctor.com.cn/1054/, 顺德区妇幼保健院是全国首批县区级三级甲等妇幼保健院，全区唯一一间妇女儿童专科医院，连续多年受到国家和省、市的表彰，是广东省高等医学院校教学医院和暨南大学医学院研究生培养基地，2010年获广东省卫生厅批准筹建开展夫精人工授精技术和体外受精―胚胎移植及其衍生技术，2011年6月成为暨南大学医学院(非直属)附属顺德妇儿医院。 我院是全区妇幼保健技术指导中心，担负着全区各镇妇产科和新生儿科危重病人的抢救工作。医院现有门诊、住院和保健三个部分，全区有五个诊疗中心设在我院，分别是：新生儿急救中心、新生儿疾病筛查中心、产前诊断筛查中心、小儿神经疾病治疗中心、婚前检查中心(免费婚检率达70%)。我院技术力量
丹阳市儿童医院,8,,http://yyk.familydoctor.com.cn/6993/, 丹阳市云阳人民医院(丹阳市儿童医院)创立于1951年，是以儿科、口腔科为特色，集医疗、预防、保健、教学、科研、康复为一体的二级综合医院，是常州卫生高等职业技术学校附属医院、上海复旦大学附属儿科医院、南京医科大学附属南京儿童医院、苏州大学附属儿童医院技术合作医院。 医院占地面积2.7万O，建筑面积3.8万O，13层的现代化门诊、病房综合大楼于2009年投入使用。现有职工500余人，其中中、高级以上职称200余人。开设内、外、妇、儿、口腔、眼、耳鼻喉、皮肤、中医科等28个临床科室。拥有CT、1000mA数字X线拍片机、胃肠镜、进口彩超、进口血球计数仪、全自动酶免分析仪、低温等离子手术系统等仪器设
哈励逊国际和平医院,8,"心血管内科,泌尿外科,神经二科,骨二科（骨病）,神经外科,内分泌科,妇科,神经一科,普外一科,普外二科（肛肠外科）,骨一科,肝胆外科,急诊科,手足外科,重症医学科,小儿外科",http://yyk.familydoctor.com.cn/4889/, 哈励逊国际和平医院(衡水市人民医院)，是为纪念支持中国人民抗日战争和解放战争而英勇献身的加拿大籍(联合国善后救济总属官员)铁尔生・莱孚・哈励逊而命名的一所具有光荣革命传统的医院。该院是集医疗、教学、科研、急救、预防和保健为一体的国家三级甲等综合医院，河北医科大学附属医院及临床学院，设有河北医科大学、承德医学院11个硕士研究生培养点。系北京中医药大学、河北大学医学部、北方学院、承德医学院等高等院校的教学医院。衡水市120急救中心设在该院，担负着衡水市及周边地区440余万人民的医疗保健任务。是国家红十字会国际紧急医疗援助中心网络医院，国家卫计委脑卒中筛查与防治基地医院。2002年河北省首家通过I
温州市人民医院,8,"眼科,神经内科,消化内科,血液暨肿瘤内科,骨科,普通外科,妇产科",http://yyk.familydoctor.com.cn/7814/, 温州市人民医院是一家集医疗、教学、科研、康复、预防保健于一体的三级甲等综合性医院，既有较强的综合实力、又有鲜明的专科特色。1913年9月建成开诊，前身是天主教仁爱会创办的教会医院，1966年定名为温州市第三人民医院。1994年成为温州首家获世界卫生组织授牌的“爱婴医院”，2000年经市政府批准筹建温州市妇产科医院，2003年经浙江省卫生厅批准与温州市妇幼保健所合署成立温州市妇幼保健院，实行温州市第三人民医院、温州市妇幼保健院两块牌子一套班子的管理模式。2005年与温州市干部保健委员会联合组建温州市体检中心，2008年成为温州医科大学温州市第三临床学院，2012年通过浙江省三级甲等综合性医院评
安顺市人民医院,8,"骨科三病区,骨科二病区,骨科一病区",http://yyk.familydoctor.com.cn/19235/, 安顺市人民医院始建于1935年，是贵州省最早建立的公立医疗机构之一，是全市实力最强、规模最大的一家集医疗、教学、科研、预防保健、急救为一体，唯一的三级甲等综合医院。安顺市体检中心设立于我院住院部内。 医院编制床位1680张，在职职工1722名，高级职称172人，博士研究生1人，硕士研究生61人，硕士生导师5人。目前有省政府特贴及国务院津贴获得者4人，省管专家2人，市管专家31人，安顺市第一批中青年优秀专业技术人才13人、安顺市第二批中青年优秀专业技术人才11人;中国腹部超声专业委员会委员1人，中国微生物学会委员1 人，省级学会副主任委员9人、常务委员22人、委员46人。 医院现有临床科室23
深圳市龙岗区妇幼保健院,8,,http://yyk.familydoctor.com.cn/703/,深圳市龙岗区妇幼保健院位于龙岗中心城11区，内设儿童游乐场所，环境优美，是一所集医疗、保健、教学、科研、健康教育、社区服务为一体的的现代化专业医疗保健机构。1995年通过国际爱婴医院评审，2005年通过二级甲等妇幼保健院评审。该院占地1.8万平方米，编制床位400张，拥有副高以上专家56人，共设妇科、产科、儿科、新生儿科、儿保、妇保、生殖健康科等19个专业科室，其中新生儿科、产科是龙岗区重点医学专科和区急救治疗中心。健康科作为全区唯一生殖健康专业科室，开展了优生优育、婚前保健、男科专家门诊、妇科不孕不育专家门诊、生殖检测等工作，现在在创建全区重点医学专科。配备彩超、腹腔镜、乳腺钼靶机、800m
汕头市妇幼保健院,8,"妇科,儿内科",http://yyk.familydoctor.com.cn/2902/,"汕头市妇幼保健院始建于1948年，前身为汕头市立妇婴保健院，1953年改为现名。1994年通过卫生部的评审,成为汕头市首批“爱婴医院”。1998年成为粤东地区首家二级甲等妇幼保健院。2000年医院加挂“汕头市妇女儿童医院”牌子。医院位于汕头市区中心地带――长平路中平街，占地面积4800平方米，建筑面积l4000平方米，其中工作用房11000平方米。医院建设目前已初具规模，业务科室设置较为齐全。设有住院部和两个门诊部。住院部设置病床120张，其中产科50张、妇科30张、儿科和新生儿科40张。院内门诊部设妇产科、儿科、内科、乳房科、中医科、口腔科、耳鼻咽喉科、眼科和妇女保健"
宾阳县妇幼保健院,8,,http://yyk.familydoctor.com.cn/3289/,宾阳县妇幼保健院是广西妇幼保健系统中规模较大、设备较齐全、技术力量较雄厚的一家集保健、预防、医疗、教学、科研于一体的综合性妇幼保健机构。现有在职职工253人，共有病床116张，设置有妇女保健科、儿童保健科等30多个科室，肩负着宾阳县60多万妇女、儿童的保健防治重任。 近年来，医院坚持“以保健为中心，保健与临床相结合，面向基层，面向群体”的妇幼卫生工作方针，狠抓妇幼保健网络及医院软件、硬件建设，依靠科技进步，走科技兴院之路，先后投资500多万元购置200多台（件）先进的医疗设备，先后选送60多名医疗技术骨干到北京、上海、武汉等地著名医院进修学习，使医院的医疗技术水平及综合服务能力有了显著的提高，
苏州市立医院,8,,http://yyk.familydoctor.com.cn/7543/,苏州市立医院是由三所历史悠久、服务优良、技术精湛的市级综合医院组建而成，集医疗、教学、科研、保健于一体，是苏州市最大的公立医院，苏南地区规模最大的综合性三级医院。同时是苏州市红十字医院、南京医科大学附属苏州医院。医院由本部(原市二院)、北区(原市三院)、东区(原市四院)三个综合性院区及多个社区卫生服务机构组成。编制床位1860张，高级职称医师370多名，正、副教授70余名，博士、硕士90名。年门、急诊总量230万人次，住院病人6.3万人次。医院汇集了三所市级综合医院的优势医疗资源，学科设置齐全、专科优势明显、诊疗技术先进、诊疗条件优良、学术水平较高。超声科、妇产科、生殖与遗传中心、骨科、消化科
成都市儿童医院,8,血液-肿瘤科,http://yyk.familydoctor.com.cn/18306/," 一、发展中的儿童医院 成都市儿童医院位于成都市中心,建院于1979年。医院占地面积4784平方米,建筑面积10446平方米。是我市及省内唯一一所综合性儿童医院。我院1999年经四川省批准成立“成都市儿童急救中心”，担负着成都地区及省内危重病儿的会诊、抢救、转运，儿童急救网络的建立及人员的培训任务。在全市及全省的儿童预防、医疗、保健中发挥了重要作用。 在医疗改革的进程中，我们以“团结、严谨、开拓、奉献”为医院院风，秉承“一切为了儿童健康”以病人为中心,创优质高效服务为宗旨，坚持以人为本，以医疗为中心,科研、教学为方向，努力提高医疗工作质量。医院现有卫生技术人员321人,其中高级职称37人,中级"
遵义医学院第五附属医院,8,,http://yyk.familydoctor.com.cn/1568/, 遵义医学院第五附属(珠海)医院(简称遵医五院)于2003年9月10日创建。是培养临床医学人才，承担研究生、本科生、大专生教学，集“医、教、研、防”为一体的综合型医院。现有正高4人，副高52人，中级137人，博士学位4人，硕士12人。床位383张，年门急诊量35万余人次，年收治住院病人万余人次。医院科室齐全，门诊和急诊科设施完善，住院部设有外科（骨科、神经外科、泌尿外科、小儿外科、普外科、心胸外科、整形烧伤科、手外科）、内科（血液科、心血管科、消化内科、呼吸内科、肾内科、神经内科、康复科）、妇产科、眼科、耳鼻喉科、口腔科、皮肤科、肛肠科、儿科、新生儿科、麻醉科、高压氧室、防保科、放射科、检验科
端州区妇幼保健院,8,,http://yyk.familydoctor.com.cn/1730/, 肇庆市端州区妇幼保健院（即原肇庆市妇幼保健院）创办于1964年，地处市区美丽如画的宝月荷塘之畔。多年以来，一直担负着肇庆市及周边县、乡、镇的妇女、儿童保健和医疗工作。在各级领导的关怀下，医院从小到大，逐步健全，日臻完善。1994年成为肇庆市首家国家级爱婴医院，历年被评为全省妇幼保健的先进单位，市、区文明单位，为全市的妇女、儿童的身体健康做出了积极的贡献。 本院实际开放病床102张，工作用房面积10000m2，现有星级宾馆式的门诊综合大楼和住院大楼。园林式的花卉草坪，院内流水潺潺，柔和的背景音乐，家庭式的温馨病房，咖啡厅式的围产保健中心，乐园式的儿科门诊，实行零距离服务，一对一服务，啡厅式服务
罗定市妇幼保健院,8,,http://yyk.familydoctor.com.cn/2504/,B超、新生儿高压氧舱、小儿呼吸机、胎儿监护仪、多参数监护仪、X光机、酶标仪
昆明市妇幼保健院,8,,http://yyk.familydoctor.com.cn/19604/," 昆明市妇幼保健始建于1901年（清光绪27年），原名大法施医院，是昆明历史上最早的一家西医医院，开西医诊断、治疗、护理方法及技术之先河。1952年更名为昆明市妇幼保健院。新中国成立后，特别是改革开放以来，在党和各级政府的领导和支持下，经过几代人的艰苦创业，勤奋工作，科学管理，现已发展成为全省规模最大、功能齐全、优势突出、集保健、医疗、教学、科研和信息为一体的综合性妇幼保健医院。也是我省唯一一家由国家卫生部授予的“三级甲等妇幼保健院”及首家“爱婴医院”，并连续八年保持市级“文明单位”和“文明医院”,连续数年卫生系统“先进集体”“先进单位”和“实绩突出班子”。 医院始终坚持社会主义办院方针及全心"
淮安市第二人民医院,8,"消化科,骨科,呼吸科,肿瘤内科,心内科,普外科,中医科,检验科,麻醉科,血液科,肿瘤外科,急诊科,血液科",http://yyk.familydoctor.com.cn/6238/, 安市第二人民医院，又名江苏省淮安仁慈医院，始建于1892年，是一所集医疗、教学、科研、预防、保健、康复、急救为一体的国家公立“三级甲等综合性医院”(2011年新标准)，徐州医学院附属医院，南京医科大学、南通大学医学院、扬州大学医学院及皖南医学院等教学医院。承担继续教育项目、住院医师规范化培训、全科医师转岗培训和临床医学系学生的教学和实习培养工作。 核定床位1200张，使用床位1600余张，有1200余名医护专业技术人员，其中高级职称专业技术人员220余人，博导2人，硕导20余人，硕、博士200余人，中级职称400余人。有省级重点专科2个(消化内科、内分泌科)，省级示范病房1个(中医科)，市级
湘潭市中心医院,8,"骨科一区,神经外科,内分泌代谢科,血液科,骨科二区",http://yyk.familydoctor.com.cn/14150/, 湘潭市中心医院创建于1900年，是湘潭市唯一的国家三级甲等医院，中南大学和南华大学临床教学医院和研究生培养基地。医院编制床位1800张，在床住院病人2000人左右，2014年年门诊量113万余人，住院病人6万余人。医院承担着湘潭市区50%的医疗业务量和90%的急救任务。 医院文化底蕴深厚，“景仰生命，惠济百姓”的院训激励着一代代中心医院人履行守护健康，救护生命的神圣职责。 医院以人为本，科学管理，注重医疗质量与安全。全数字化医学影像，现代化实验室设施，先进的专科诊疗设备，全净化手术室、供应室，网点遍布的气动物流系统，布局科学的诊疗环境，便捷顺畅的服务流程，花园式的院容院貌，处处体现着医院对群
苍南县人民医院,8,"普外一科,消化内科,泌尿外科,神经外科,产科,骨科,急诊科",http://yyk.familydoctor.com.cn/8048/," 苍南县人民医院创建于1987年，座落于浙闽边界贸易重镇苍南县城灵溪镇。历经28年的建设，如今是全县规模最大的唯一一所集医疗、保健、康复、科研、教学为一体的三级乙等综合性医院。2004年，医院在全省率先进行托管模式改革，经过多年的努力，医院得到了长足的发展，2012、2013、2014年连续三年医院综合竞争力跻身为全国百强县级医院。 目前医院核定床位600张，实际开放床位709张，2014年门急诊量约90万人次，出院病人约3.3多万人次,业务总收入4.5亿元。医院设置一级学科16个、二级学科23个、医技科室10个，行政职能科室26个。拥有职工1228人，其中卫技人员977人，高级职称129人，"
